#{"t_start": 1777634231.6899936, "env_id": "crossy-road-notebook/CrossyRoad-v0"}
r,l,t
-4.25,15,0.135359
-2.65,8,0.158402
-3.35,18,0.22519
-2.7,9,0.259435
-5.5,26,0.343175
-1.45,28,0.424548
-5.05,22,0.47719
-4.8,9,0.518246
-4.0,11,0.553292
-5.45,72,0.812513
-3.85,11,0.873634
-4.45,16,0.912731
-4.3,39,1.037858
-4.5,17,1.109448
-4.6,18,1.17173
-4.75,19,1.253014
-5.3,14,1.308459
-5.5,16,1.366027
-4.05,12,1.417089
-3.9,11,1.463134
-3.4,16,1.511405
-5.15,24,1.599831
-4.7,8,1.618861
-5.4,25,1.676802
-8.25,54,6.499377
-1.1,48,6.819383
-5.45,36,7.071248
-6.8,49,7.40945
-9.45,77,7.871984
-4.2,3,7.899156
-1.7,156,8.867513
-3.4,41,9.17712
-5.2,13,9.248243
-4.45,27,9.397631
-6.0,21,9.520884
-3.75,9,9.571917
5.35,71,20.332934
-2.2,16,20.48838
-3.25,14,20.598821
-1.3,17,20.712888
-3.9,76,21.335227
-4.45,16,21.48238
-1.9,67,22.066467
-4.05,24,22.227554
-0.05,14,22.366642
-1.9,22,22.520463
-4.75,31,22.704181
-1.85,43,22.948954
-3.9,10,23.004753
-2.4,25,23.138195
-2.7,9,23.193594
-8.55,57,27.073611
-3.8,9,27.135895
-6.2,64,29.571245
-3.7,8,29.617326
-2.95,11,29.673436
-4.25,36,29.873141
-1.1,49,30.205707
-3.95,21,30.34243
-4.1,33,30.542347
-4.65,38,30.753178
-4.05,22,30.87158
-2.6,7,30.927195
-3.3,4,30.953208
-2.7,9,31.00278
-2.7,11,31.070842
-5.9,40,31.288173
-1.55,41,31.531267
-3.55,51,31.895456
-1.7,41,34.197807
-4.2,3,34.229795
-2.2,14,34.33098
-3.5,7,34.402844
-6.0,33,37.79715
4.45,42,38.128973
-3.8,9,38.226365
1.2,11,38.330189
-5.5,27,38.538468
1.3,19,38.637239
-0.85,10,38.703677
-5.25,35,38.915353
-0.1,26,39.051926
0.05,22,39.177927
2.6,21,39.300505
-2.65,10,39.356533
-0.2,25,39.509434
-4.3,4,39.532788
-4.0,11,39.605608
-3.0,14,39.676256
-2.1,25,39.839013
3.75,38,40.034267
0.5,18,40.154132
-0.45,7,40.206188
-0.75,10,40.276919
-3.85,10,40.339705
-4.2,3,40.363815
-0.9,21,40.527367
-4.4,5,40.568233
-6.25,44,41.130916
0.15,42,43.959003
2.25,20,44.10503
-2.25,5,44.146739
-6.0,21,44.276196
-5.8,19,44.395073
10.8,42,44.650319
-2.65,9,44.720011
-2.95,11,44.791183
0.15,11,44.865201
-1.8,10,44.937418
0.15,22,45.078652
-4.2,3,45.105671
-2.3,5,45.139764
-0.3,16,45.232295
-2.3,4,45.256749
-5.75,31,45.450464
-4.2,3,45.472822
-3.15,3,45.504771
-1.95,11,45.575967
-4.8,9,45.639186
-5.25,39,45.874827
-2.4,6,45.913624
-3.35,5,45.947701
-1.75,9,46.008422
-0.6,9,46.067554
2.1,12,46.14275
-4.1,2,46.160978
4.8,18,46.273898
-4.4,5,46.30861
0.05,12,46.409846
-4.6,17,46.541841
-0.9,12,46.625147
0.4,8,46.685062
1.8,17,46.783064
-0.55,8,47.171374
-3.95,23,47.310571
3.25,31,47.502856
-4.2,3,47.531386
-4.45,16,50.205817
0.65,37,50.457483
-3.35,5,50.492975
-3.3,5,50.53145
-0.35,27,50.689662
-3.3,24,50.839253
-3.45,6,50.878567
-1.7,8,50.939925
-4.8,9,50.990432
-0.6,8,51.049894
-4.1,2,51.070267
-3.4,28,51.232742
-1.05,13,51.306422
-4.6,7,51.356599
2.7,17,51.482481
-3.75,9,51.546044
4.05,22,51.673373
-2.4,16,51.776936
-3.35,5,51.808926
3.0,25,51.970743
1.15,13,52.060089
-3.9,10,52.13855
6.85,26,52.286834
4.1,24,52.438787
-1.65,9,52.487486
-1.55,19,52.602496
-3.6,8,52.666013
1.0,14,52.760145
0.8,18,52.884987
-4.1,2,52.912223
5.1,46,53.527379
-1.75,19,53.695377
-3.5,16,53.810908
-0.35,15,56.538834
1.1,12,56.636078
-2.55,7,56.695622
-4.1,2,56.719811
-0.05,13,56.835043
1.1,12,56.922491
2.4,11,57.008643
0.9,14,57.122272
14.3,45,57.495197
0.05,12,57.598142
2.25,33,57.873694
-4.1,2,57.889961
-1.65,8,57.951869
6.55,22,58.122611
-0.25,14,58.224272
-3.75,9,58.286462
-4.9,10,58.342665
-3.15,3,58.367306
-3.25,4,58.394386
-4.4,5,58.427392
-4.2,3,58.452871
-1.5,7,58.501586
-4.1,2,58.516099
5.1,22,58.674568
5.55,20,58.823061
-0.1,13,58.936473
-4.2,3,58.968398
-4.4,5,59.016861
-0.65,8,59.092312
-4.1,2,59.10733
-3.2,3,59.133321
-4.2,3,59.167278
3.0,16,59.281468
-0.15,14,59.372566
3.5,20,59.478967
-1.95,11,59.54571
-1.45,6,59.584712
-4.3,4,59.613964
-3.15,3,59.634604
-4.3,4,59.668496
-2.45,6,60.010833
-1.6,8,60.065101
2.95,14,60.184165
-2.05,14,60.316631
-3.7,8,60.373593
-2.25,4,60.414747
-4.1,2,60.431154
-2.95,11,60.50563
-0.45,7,60.553241
-2.05,22,60.710798
-3.45,6,63.756336
-4.2,3,63.792923
-2.55,17,63.934654
-2.4,5,63.975247
-2.0,12,64.059765
11.55,40,64.326893
-4.2,3,64.356994
-3.4,5,64.393294
-4.6,7,64.457151
-4.1,2,64.474079
-3.2,13,64.562965
-2.7,9,64.661953
-1.4,7,64.7329
5.1,21,64.904523
-1.7,9,64.957838
2.8,46,65.26442
10.55,30,65.487029
-3.15,3,65.521837
-4.5,16,65.646716
-4.1,2,65.667731
1.15,12,65.783571
0.1,20,65.955263
-4.2,3,65.981978
-3.1,12,66.068269
-2.5,6,66.112835
2.4,20,66.232059
1.0,14,66.311646
-1.55,8,66.376596
-1.45,7,66.434507
-1.25,5,66.487394
-1.25,5,66.523088
4.4,29,66.739992
-4.1,2,66.761506
-2.55,9,67.178512
4.75,19,67.304177
4.65,18,67.416545
5.55,27,67.593212
0.25,12,67.700151
1.2,11,67.766824
-1.4,15,67.864969
2.0,13,70.658251
4.8,26,70.847561
-1.65,8,70.927284
-4.9,10,71.003011
-4.4,15,71.100893
-1.55,9,71.179889
-4.5,6,71.236357
-4.7,8,71.300296
-4.2,3,71.327409
2.05,11,71.411078
-4.1,2,71.429894
4.2,11,71.521969
-4.8,20,71.713565
-1.85,10,71.806545
-4.2,3,71.832886
0.75,18,71.971879
-3.55,7,72.024931
1.85,14,72.121597
-0.5,8,72.180906
-4.3,4,72.212879
9.0,24,72.35954
-3.2,13,72.455864
-3.2,4,72.47985
3.15,12,72.548145
-2.35,5,72.580602
-2.7,8,72.628495
-0.45,7,72.677306
-4.5,6,72.733042
0.45,19,72.859479
-4.1,2,72.878149
6.9,33,73.107224
-3.75,9,73.162221
-1.7,9,73.218909
10.3,21,73.362132
-2.4,6,73.407495
-1.5,8,73.471053
-3.25,5,73.517592
-5.1,12,73.974273
5.7,28,74.167223
6.7,18,74.308352
-3.3,4,74.342804
-3.35,5,74.405643
8.9,25,74.603365
-4.5,6,74.648513
-4.2,3,74.667972
-2.35,5,74.711548
0.3,10,74.779563
2.7,17,77.479433
2.35,21,77.634145
-0.4,17,77.777104
5.25,21,77.935341
-3.35,5,77.973079
-3.5,6,78.013633
-4.5,6,78.05179
1.35,28,78.231682
2.2,11,78.315523
3.4,19,78.449016
-4.2,3,78.469018
5.0,15,78.575381
-2.55,7,78.618737
-3.4,5,78.646892
-1.5,7,78.690171
-2.3,4,78.718325
4.25,22,78.851864
-2.0,12,78.923751
1.65,17,79.01786
-0.5,7,79.059366
8.85,27,79.224027
3.6,19,79.336321
1.4,8,79.401549
-0.3,6,79.442547
-2.85,11,79.517187
-3.25,4,79.541266
-0.4,16,79.632501
-2.7,8,79.693685
-0.9,13,79.777967
2.4,18,79.910582
-1.05,13,80.380914
-4.1,2,80.399004
-4.1,2,80.420452
-2.55,7,80.47207
-1.3,5,80.510535
-3.75,19,80.636442
-7.0,41,80.916648
2.75,26,81.124865
-1.45,7,81.196139
-3.3,4,81.227164
7.25,21,84.171608
-1.7,20,84.316618
-2.6,8,84.380706
-1.55,7,84.435438
-4.75,29,84.635389
-0.65,22,84.784988
-2.25,4,84.812127
9.8,46,85.089828
-4.1,2,85.102883
-1.35,6,85.149893
-1.25,5,85.181889
3.55,18,85.277582
-0.35,6,85.320244
-0.55,7,85.364
-1.1,13,85.449905
-0.3,18,85.554707
-4.7,8,85.614499
-2.5,6,85.654735
0.75,14,85.751176
1.35,10,85.81681
0.35,11,85.886589
-0.65,9,85.948676
-4.7,8,86.001077
-4.1,2,86.016515
-3.65,8,86.067964
2.35,10,86.130701
-4.3,4,86.157703
1.9,16,86.255723
-1.45,6,86.298906
4.1,43,86.897382
-2.35,15,86.993852
-3.65,40,87.234178
6.6,38,87.458451
-4.2,3,87.483455
-3.35,5,87.523268
-1.75,9,87.577401
0.3,9,87.64861
-0.75,9,87.705626
-3.05,14,90.629185
-2.7,8,90.694408
-1.3,16,90.852477
0.25,9,90.946416
-3.4,5,91.002731
-4.3,4,91.056006
4.25,21,91.233279
-1.6,8,91.309111
-3.3,4,91.33825
-3.5,6,91.389253
-3.15,3,91.410714
1.2,13,91.494113
-2.25,4,91.520785
-1.5,7,91.571791
-0.6,29,91.760287
0.15,11,91.839396
2.5,20,91.988784
-2.5,6,92.061258
-1.3,5,92.120969
-2.6,7,92.18434
0.3,22,92.40373
-0.8,11,92.48745
-2.35,5,92.519529
5.25,23,92.648515
0.2,30,92.870324
-4.45,16,93.028027
-3.3,4,93.072563
-4.3,4,93.121381
3.25,23,93.370566
2.5,17,93.496986
-2.25,4,93.539686
3.85,16,94.021888
-4.1,2,94.047948
-4.1,2,94.07897
-2.8,9,94.214821
0.3,19,94.400136
1.4,8,94.467074
2.1,11,94.548742
1.05,43,94.869439
0.15,11,94.951072
-4.1,2,94.967067
-3.2,3,94.989827
1.3,9,95.047575
1.25,11,95.114758
-1.75,10,95.182594
3.1,12,97.733609
22.6,63,98.182194
-2.95,41,98.415881
9.05,25,98.585387
1.35,18,98.701738
-4.1,2,98.730041
-2.75,9,98.801819
0.9,14,98.890867
-1.15,18,99.016379
-2.45,8,99.089269
-2.75,9,99.170684
5.95,24,99.362281
0.1,11,99.45507
-3.55,27,99.655241
-4.2,3,99.686081
1.55,8,99.770199
0.55,7,99.835513
1.95,14,99.94882
-2.5,6,99.984728
-3.4,5,100.021425
-3.35,5,100.066421
-2.4,5,100.1036
5.2,32,100.623467
-1.4,6,100.661395
-5.1,23,100.805291
-2.85,10,100.889531
-2.6,7,100.952
-1.65,9,101.0188
-4.5,6,101.068657
0.9,25,101.236995
-4.4,5,101.290215
2.25,12,101.561998
-4.35,26,101.856744
0.5,8,101.934104
0.35,9,102.022051
2.4,19,105.629107
-2.9,21,105.804701
2.85,14,105.939281
-1.85,11,106.041845
-0.5,8,106.150606
-3.7,8,106.298522
-2.25,4,106.354187
-2.95,21,106.609786
-0.85,10,106.736007
2.15,11,106.882172
-0.75,10,107.021436
-2.05,12,107.145151
-4.4,5,107.219696
-1.3,5,107.273515
-4.7,8,107.381175
-3.95,21,107.610752
2.9,14,107.792531
1.8,26,108.083449
1.3,19,108.348528
8.35,21,108.604052
-4.2,3,108.632821
-3.35,6,108.723404
-1.4,6,108.807308
-1.5,17,109.020432
2.75,16,109.282468
-1.6,9,109.410767
-2.25,14,110.02292
-2.25,4,110.062253
-2.45,17,110.210793
-4.1,2,110.243133
-4.5,6,110.317223
-1.4,5,110.390553
-3.3,4,110.437066
-1.7,9,110.512798
-4.2,13,110.60787
-4.6,7,110.656285
-3.15,3,110.676997
2.65,17,110.796355
1.65,29,111.043138
0.2,10,111.117366
-4.35,15,111.259678
-0.45,28,111.539068
-1.4,15,114.561525
-2.65,9,114.622583
-2.65,9,114.681533
3.2,13,114.767864
-2.4,6,114.803841
-3.55,7,114.856788
-4.6,7,114.959761
-3.2,3,114.989413
4.4,34,115.23554
1.55,27,115.47226
-1.85,11,115.545745
-1.15,15,115.634407
-3.2,4,115.659374
-3.3,24,115.816137
4.95,13,115.896162
-2.25,4,115.920527
-5.0,11,115.996586
3.2,27,116.171171
9.7,31,116.357113
-0.85,20,116.484442
-1.1,32,116.70169
-2.4,5,116.731685
-1.35,6,117.633483
-4.2,3,117.663361
3.85,25,117.828641
-0.55,7,117.874996
20.2,78,118.401603
-5.15,23,118.561616
-3.1,13,118.648187
-2.3,4,118.677504
-4.6,27,118.844559
-2.35,5,118.879408
0.3,20,121.764634
-1.55,8,121.83966
-4.1,2,121.86658
-2.35,5,121.910136
10.7,29,122.138202
-3.9,11,122.206655
-2.6,18,122.323881
-5.3,14,122.429828
8.45,30,122.616939
-4.7,8,122.672032
-3.2,4,122.705512
-3.9,11,122.782485
-0.2,14,122.873103
-3.4,15,122.958522
0.25,21,123.08819
-4.3,4,123.111027
8.2,33,123.324276
-3.3,4,123.355646
-5.6,17,123.464305
-3.45,6,123.503865
-2.8,9,123.607413
0.1,12,123.786207
-9.2,63,124.91977
0.2,12,125.011665
-1.6,7,125.051556
-4.05,12,125.128118
-3.85,11,125.212439
3.15,13,125.314177
-3.85,30,125.503729
18.3,46,125.777207
-3.3,5,125.805061
-7.3,34,128.611115
-2.3,5,128.650316
2.45,19,128.759533
-0.7,9,128.820351
0.35,9,128.883465
4.85,28,129.073243
-4.4,5,129.111017
11.3,74,129.556794
10.15,33,129.78108
-0.45,6,129.820818
1.5,18,129.943116
-3.4,5,129.971715
-4.1,12,130.058885
-1.5,7,130.100258
-2.35,5,130.131297
-2.95,11,130.209114
5.45,29,130.4023
2.35,10,130.792655
-0.7,10,130.87231
-4.2,3,130.899636
-1.7,8,130.952586
4.8,24,131.104042
6.0,33,131.315797
17.85,49,131.678631
-2.25,4,131.725791
11.8,38,132.042419
-3.0,11,132.150694
1.65,16,132.282734
-0.4,6,132.326083
7.95,23,135.130076
0.55,7,135.182076
-4.3,4,135.214329
3.25,32,135.416055
-4.5,6,135.450791
-0.4,7,135.499385
1.25,11,135.565851
-6.2,23,135.713554
2.95,14,135.79383
-1.8,11,135.867953
-3.8,9,135.92897
5.95,35,136.166457
1.85,33,136.374752
-2.45,6,136.422543
-3.15,3,136.448117
-2.25,4,136.477469
-3.15,15,136.571911
-3.15,3,136.591323
6.75,36,136.820358
-2.0,11,136.906521
-4.1,2,136.939997
-4.2,3,137.265912
12.95,37,137.544498
4.5,30,137.742008
-4.5,6,137.780013
-1.85,11,137.843685
-0.45,6,137.885958
0.5,8,137.939764
3.7,15,138.034821
-3.55,7,138.085122
-3.2,3,138.10772
3.55,19,138.237602
-4.3,4,138.261306
-4.4,5,138.297601
4.6,18,138.41197
-4.6,7,138.472875
0.1,13,138.56653
2.55,17,138.681492
6.55,31,141.765185
-4.1,2,141.784029
3.0,22,141.9439
-2.75,19,142.074485
7.75,27,142.257696
2.7,15,142.368521
-4.8,19,142.514091
2.7,27,142.672823
-2.2,24,142.816042
-2.0,12,142.902577
6.2,21,143.053793
2.45,20,143.1817
-4.1,2,143.197069
-3.55,7,143.244157
0.3,20,143.371828
-0.65,18,143.49267
-3.45,6,143.936383
2.9,15,144.049169
0.3,11,144.134175
-4.3,4,144.15989
-5.4,15,144.264693
-1.95,11,144.328362
-2.25,14,144.43877
-2.75,9,144.496038
-1.2,14,144.596401
-2.3,4,144.6225
-2.3,15,144.723241
-1.7,9,144.785291
-3.25,4,144.82135
5.8,27,145.016135
-2.55,7,145.064358
3.1,12,145.145779
1.2,23,145.296796
-5.0,31,145.507858
-1.3,15,148.295916
-4.6,18,148.4209
11.9,40,148.684339
-0.8,10,148.764413
-0.45,7,148.811291
1.9,14,148.901161
4.9,24,149.053344
-2.6,8,149.110993
-1.9,10,149.181345
-1.7,9,149.238992
-1.75,9,149.320078
2.95,24,149.474543
1.5,19,149.594547
-2.7,9,149.651051
6.15,20,149.765771
-4.2,3,149.791946
4.4,20,149.913423
-1.35,15,150.021061
14.45,34,150.484765
-2.35,5,150.519068
7.3,31,150.724225
-2.0,11,150.827708
-4.4,5,150.857324
-1.35,5,150.901875
-0.4,6,150.951946
-3.3,4,150.988074
1.7,16,151.1045
-4.3,4,151.13741
-5.1,12,151.224198
-4.2,3,151.254911
-0.9,21,151.407257
-3.45,6,151.455069
-1.45,7,151.501666
-2.6,8,151.551509
-0.5,17,151.650651
-3.45,6,151.701823
18.1,47,152.109338
-4.05,12,155.649804
2.05,21,155.814407
-1.65,8,155.896236
-0.9,33,156.137171
-0.35,6,156.191465
-4.4,5,156.23097
5.4,24,156.400138
8.15,31,156.606992
-2.35,5,156.638706
-4.4,5,156.673259
-3.3,4,156.699005
16.85,48,157.046332
-5.0,11,157.121404
-1.75,9,157.195227
0.95,14,157.288413
-1.75,10,157.347945
-0.9,11,157.741973
-3.2,3,157.76337
6.6,29,157.949419
-1.6,7,157.990382
-3.15,3,158.013785
-4.7,8,158.070362
-4.5,6,158.11786
5.25,24,158.298196
-4.0,12,158.387275
-3.55,7,158.435241
1.95,14,158.536344
0.85,13,158.633381
-0.55,7,158.680303
-1.15,23,158.841663
11.25,33,159.088029
7.1,37,159.388412
3.25,23,159.572657
-3.15,3,159.59391
-3.4,5,159.638822
-3.35,5,162.488367
-2.45,6,162.53634
-1.95,11,162.614221
12.7,39,162.847865
-3.8,9,162.910841
-3.2,3,162.931942
-4.1,2,162.95095
2.4,9,163.009792
-1.35,5,163.045152
-3.4,5,163.095329
1.9,14,163.205985
-4.2,3,163.232275
-3.15,3,163.273092
-3.4,5,163.309588
-4.7,8,163.396812
-3.15,3,163.418004
-3.4,5,163.461859
-4.2,3,163.504983
-4.1,2,163.529509
4.8,15,163.653904
-4.1,2,163.67276
-4.3,4,163.702628
0.95,13,163.800047
-4.0,11,163.888173
-4.1,2,163.905313
1.35,10,163.978675
5.35,19,164.132013
-4.3,4,164.164749
-3.3,4,164.203815
14.7,31,164.70391
3.7,19,164.8626
-3.2,3,164.884925
-2.5,7,164.940326
-2.8,20,165.090043
10.0,36,165.331477
-4.1,2,165.345584
-3.25,4,165.381714
-3.7,8,165.441456
1.85,14,165.535837
21.1,37,165.785957
10.1,53,166.127421
-2.5,6,166.170716
-4.6,7,166.215317
-4.2,13,166.307381
-1.45,7,166.345509
3.75,16,166.433358
-2.75,9,169.036829
-3.4,5,169.077469
0.95,14,169.177669
-1.3,15,169.271101
-0.65,10,169.33596
1.15,10,169.412679
-0.75,10,169.487063
1.9,15,169.577891
-3.15,3,169.598385
0.05,11,169.661978
2.1,11,169.74482
0.55,16,169.853629
-0.3,15,169.957416
-3.8,9,170.014499
1.75,26,170.206609
-2.05,13,170.312513
-1.35,5,170.373008
3.5,20,170.540337
0.1,12,170.628974
-0.6,18,171.155403
-2.25,4,171.196805
1.35,8,171.263187
-2.4,16,171.396456
-2.65,9,171.464143
-4.3,4,171.508091
-5.6,17,171.638648
-3.8,9,171.710932
-1.7,8,171.767129
-2.6,8,171.825044
-1.55,9,171.90618
3.4,29,172.111875
-3.7,8,172.172007
-4.2,3,172.208584
8.8,30,172.434668
3.65,26,172.609522
-4.9,10,172.688877
0.95,13,172.810505
-2.5,6,172.851938
1.1,21,172.983852
1.05,12,173.061133
-3.6,7,173.115582
5.35,20,176.029681
-2.7,9,176.092142
-2.4,6,176.144535
1.35,19,176.295208
-1.5,9,176.361244
2.45,19,176.510815
0.75,17,176.640815
-4.4,5,176.6907
3.5,29,176.896349
17.2,35,177.15895
0.35,19,177.287883
-2.65,8,177.347758
-3.2,3,177.377565
6.6,17,177.494582
0.4,10,177.574052
3.4,19,178.590049
-2.3,5,178.625868
-4.2,3,178.64734
9.5,42,178.928824
-3.15,3,178.962201
-4.3,4,178.997164
-1.1,13,179.085127
-5.9,20,179.22361
-3.5,16,179.330096
-3.15,3,179.3554
15.75,51,179.739575
-4.7,8,179.80673
-4.3,4,179.84378
-4.6,7,179.904151
-4.2,3,179.927928
-1.45,16,180.048201
-2.3,6,180.088997
-2.35,16,180.204281
3.6,20,180.338983
11.9,47,183.587959
0.6,16,183.706539
-2.0,11,183.792003
4.05,22,183.941048
2.55,17,184.063599
-3.3,5,184.105601
-4.1,2,184.127585
-3.4,5,184.178221
-2.6,7,184.240879
7.6,21,184.379836
-2.75,9,184.459977
1.7,28,184.676605
-3.15,3,184.713578
-0.2,13,184.800568
-4.6,17,184.942865
10.25,41,185.822595
-4.1,2,185.843593
-4.3,4,185.882529
-4.1,2,185.902426
-4.2,13,185.992747
-3.15,3,186.018268
-3.15,3,186.045588
2.1,31,186.370807
-0.95,16,186.542072
2.85,15,186.672959
0.85,15,186.808764
-2.35,16,186.953773
-0.75,10,187.0508
2.25,10,187.126137
-3.7,11,187.228616
-2.45,16,187.341867
0.05,11,187.434866
-1.45,8,187.484103
0.55,8,187.546088
14.6,33,187.793546
-3.5,6,187.837932
3.35,11,187.931901
-1.55,7,187.980482
-0.15,13,188.089271
-0.7,10,188.169135
-3.5,6,188.21393
-1.0,11,188.305794
-2.15,14,191.472353
-4.1,2,191.487817
-4.4,15,191.58691
0.45,8,191.641828
0.4,9,191.708998
7.2,22,191.869193
-4.1,2,191.892711
-4.2,3,191.918963
4.9,33,192.216031
-1.4,15,192.345397
-1.85,12,192.450479
5.25,21,192.613924
1.65,67,193.325836
-1.35,5,193.371483
5.25,35,193.614357
-2.2,4,193.64944
13.55,51,194.042253
-0.45,8,194.105617
-3.7,8,194.175667
-3.2,3,194.20052
-1.1,13,194.310638
-0.7,8,194.362098
0.5,18,194.489047
-0.75,10,194.56049
-3.15,3,194.582206
-3.15,3,194.610731
0.55,18,194.721245
-0.4,16,194.823682
-2.6,7,194.878319
-0.65,8,194.94791
-3.4,5,194.987243
25.85,60,195.383833
-0.5,7,198.632805
1.05,12,198.756513
-4.5,6,198.808362
5.15,23,198.991808
-4.1,2,199.009659
-4.1,2,199.035409
-4.2,3,199.070408
3.4,19,199.239908
-3.45,6,199.302334
-0.1,13,199.415331
-2.35,15,199.55254
-0.4,16,199.686563
1.0,12,199.791538
-1.3,5,199.838796
5.7,35,200.13378
-4.7,8,200.598666
-3.9,10,200.722022
-3.25,4,200.760253
1.9,24,200.957918
6.4,50,201.372172
2.0,13,201.468483
1.1,12,201.559267
-2.55,7,201.607173
3.85,35,201.866023
1.65,16,201.989341
9.15,24,202.167517
1.6,18,202.314407
-0.5,7,202.369431
8.55,59,202.832628
8.75,19,202.966795
8.65,27,203.202523
-1.55,7,203.25813
-3.7,8,206.406257
18.65,64,206.858818
-0.45,19,206.997059
-0.8,12,207.09585
-0.5,17,207.215764
-2.95,12,207.31915
-0.3,16,207.446155
-2.35,5,207.494431
-3.25,4,207.559606
-2.5,8,207.644106
-3.4,6,208.125437
-3.2,3,208.15086
8.85,38,208.446273
-1.75,9,208.515036
-0.6,18,208.650466
1.95,22,208.808545
-4.3,4,208.847412
-1.65,8,208.918957
13.4,31,209.125724
-1.8,11,209.22297
-2.15,13,209.31434
-3.5,6,209.377802
2.3,10,209.479444
3.85,15,209.623693
-4.1,2,209.644509
-2.35,5,209.711604
10.55,64,210.244984
-2.8,10,210.332123
3.1,12,210.420299
-1.4,6,210.486182
4.55,18,210.648077
-3.7,8,210.763814
-0.8,20,210.930091
-0.5,7,210.981095
-1.25,35,214.321404
-2.45,6,214.365779
2.7,15,214.4869
-2.45,6,214.541227
-2.05,13,214.654691
-3.45,6,214.708386
-1.05,13,214.807478
-2.15,13,214.908735
-0.8,53,216.275331
-4.3,4,216.309905
-2.25,4,216.350246
-2.15,13,216.456372
-1.95,11,216.539816
-0.25,15,216.640229
-4.2,3,216.680366
-4.2,3,216.7114
-0.5,7,216.776026
1.4,8,216.867144
-4.1,2,216.887259
3.8,26,217.146262
-1.35,7,217.205382
-4.4,5,217.249762
2.0,22,217.415175
-4.1,2,217.434164
-0.35,6,217.47894
0.2,21,217.660485
-0.9,20,217.804514
-2.45,16,217.935356
-1.9,12,218.01519
-3.5,7,218.065809
2.15,21,218.261886
-1.55,7,218.309142
-4.2,3,218.339233
-1.8,9,218.432144
0.25,10,218.517495
0.0,12,218.605985
0.9,35,218.876192
1.65,37,219.171479
-4.6,17,222.340927
-3.5,6,222.393147
3.9,15,222.512336
2.3,24,222.704307
-4.5,6,222.75554
-2.35,5,222.804096
-3.5,6,222.856811
-5.45,36,223.162226
-2.25,4,223.194213
0.05,11,223.280441
-4.1,2,223.298441
9.9,36,224.186323
-3.15,3,224.214024
2.7,26,224.433785
-2.7,9,224.534839
-4.3,4,224.565392
-2.85,10,224.644157
-3.5,6,224.694244
-3.15,3,224.724668
-1.8,11,224.824278
-1.65,9,224.929743
0.5,18,225.088637
-2.95,22,225.279329
3.05,14,225.395654
-1.8,10,225.499026
-0.6,8,225.565503
-2.3,4,225.61156
1.45,10,225.704871
-3.5,6,225.757609
-5.0,11,225.862582
3.65,16,225.989697
-2.4,6,226.068862
-3.2,13,226.17241
-3.35,5,226.210423
-0.95,12,226.295516
-3.6,7,226.35555
11.8,28,226.589619
-3.6,7,226.652732
2.35,41,227.007942
-2.7,18,227.165711
-1.3,5,227.224749
0.2,12,230.931228
-3.15,3,230.962109
-1.25,5,231.014206
0.3,10,231.117461
-2.75,19,231.304575
-1.55,8,231.399087
-4.2,24,231.605242
5.45,28,231.907308
-4.5,6,231.983907
0.6,7,232.049425
6.6,28,233.657491
5.75,28,233.93672
-3.4,5,233.997145
1.5,20,234.219476
-3.1,12,234.337451
13.15,30,234.591807
1.6,18,234.765427
-2.2,4,234.81814
-0.5,7,234.877906
-1.05,13,234.99878
1.15,11,235.10589
-3.7,8,235.168622
-4.2,3,235.206635
-4.4,5,235.256739
1.45,18,235.421041
-3.25,4,235.457041
-3.1,12,235.602652
11.35,22,235.805982
-3.5,6,235.862355
-5.6,17,236.00418
2.1,13,236.131133
4.3,22,236.351759
5.2,67,236.913651
-3.55,27,240.098056
2.15,13,240.193769
-4.6,7,240.236764
-3.45,6,240.272006
-1.55,8,240.329087
-4.3,4,240.360825
1.65,19,240.507542
2.35,19,240.663579
0.6,8,240.724997
1.0,13,240.811631
-4.4,5,240.852059
7.25,21,241.237855
0.95,15,241.356232
-1.3,15,241.455787
1.25,19,241.567387
5.35,23,241.698387
2.6,18,241.807933
-1.6,8,241.863548
-1.2,16,241.96643
-4.5,6,242.01118
-0.65,9,242.063166
0.55,17,242.172876
2.0,24,242.341655
-1.15,13,242.425954
6.1,24,242.596065
9.3,44,242.904236
-0.55,8,242.953988
-4.0,11,243.041504
-3.75,9,243.103596
-2.65,18,243.231805
-3.15,3,243.253555
-1.7,9,243.312206
-4.2,23,243.467057
14.05,46,243.742379
-2.45,6,243.780572
0.3,10,246.327159
-2.25,14,246.420969
-0.9,11,246.477458
-1.55,17,246.592945
0.1,23,246.727531
6.0,25,246.899491
-1.45,7,246.946493
22.4,65,247.761835
-0.5,7,247.806331
-4.2,3,247.831126
-3.25,4,247.856909
-4.1,2,247.877963
5.55,19,247.996579
-4.7,8,248.051472
-3.4,5,248.081993
-4.2,3,248.106765
-0.25,15,248.187774
0.55,7,248.233782
-3.35,5,248.262136
-3.1,23,248.39295
-3.7,8,248.433477
6.15,35,248.646801
-1.1,13,248.718459
-2.25,15,248.804206
-2.5,7,248.852824
0.15,11,248.922044
-3.4,5,248.952134
-3.05,12,249.040322
-1.5,7,249.089132
9.6,31,249.284532
-4.4,5,249.323531
-3.35,5,249.366756
-4.2,3,249.390976
-3.8,9,249.471708
-4.5,6,249.515474
0.0,13,249.60233
-3.15,13,249.701987
-3.6,7,249.756391
7.95,18,249.873082
-4.95,21,252.606537
-1.45,6,252.642844
-2.65,19,252.749247
1.35,18,252.864527
-0.65,8,252.912349
-0.7,9,252.97936
-3.25,4,253.005491
4.15,12,253.072122
0.0,15,253.171124
2.6,16,253.477885
-2.35,6,253.523885
-4.3,4,253.55645
-4.1,2,253.571271
-1.65,9,253.624814
5.6,17,253.758034
-5.4,15,253.872796
-0.1,15,253.974131
-3.4,5,254.010999
0.55,7,254.059435
-3.15,3,254.086765
6.65,59,254.429439
-2.2,14,254.518569
-3.25,14,254.607401
-4.7,8,254.663774
-0.6,7,254.713493
1.3,19,254.836547
0.15,11,254.908602
-0.2,24,255.056298
0.05,11,255.116075
-1.05,12,255.206777
-2.6,7,255.255275
-2.85,10,255.325753
-1.8,10,255.392705
-0.65,9,255.440222
-2.35,6,255.47793
1.35,9,255.538426
-0.6,9,255.602385
-1.3,5,255.636603
-4.3,4,255.664942
-3.25,4,255.694065
0.5,7,255.738769
-4.3,4,255.770943
-1.3,15,255.873134
-2.0,12,255.964387
-1.6,7,256.016694
-2.15,14,256.12258
-3.3,4,256.147833
-2.7,8,258.645803
8.6,30,258.820493
3.6,47,259.10597
-3.0,11,259.563088
-0.8,33,259.769827
10.4,33,259.971163
1.3,20,260.0969
-0.35,16,260.202787
-1.85,10,260.280033
0.95,23,260.439923
5.15,23,260.588966
-3.3,4,260.612207
-5.4,15,260.69634
11.25,34,260.909813
0.4,9,260.961694
-3.55,7,261.006385
-2.25,15,261.092634
1.3,19,261.199227
-3.6,7,261.238606
10.1,25,261.393119
-4.5,6,261.425112
8.25,34,261.617595
-4.7,8,261.666806
-4.5,16,261.773263
-2.9,10,261.83569
-4.8,9,261.905907
0.5,7,261.945545
-4.5,6,261.991709
-3.15,3,262.010416
-4.2,13,262.091845
3.0,14,262.184198
-2.45,6,264.71678
11.0,38,264.95398
-1.3,5,264.986435
-4.3,4,265.010199
7.55,19,265.437988
-2.3,4,265.470444
-0.2,24,265.611728
2.25,30,265.79511
-1.5,7,265.837233
-3.4,15,265.939479
-4.6,7,265.984623
-4.1,2,266.004666
-0.65,18,266.143517
6.55,27,266.383129
12.15,32,266.669425
-2.25,4,266.710643
-2.35,5,266.742917
-2.25,4,266.786868
-4.3,4,266.824191
0.85,15,266.948226
-1.85,10,267.035398
2.4,10,267.104912
1.1,12,267.183228
-2.1,33,267.396076
-4.4,5,267.442149
-3.2,4,267.46637
6.95,26,267.645905
6.05,24,267.784681
-4.3,4,267.814925
-1.95,11,267.881346
-0.35,26,268.029727
-3.95,21,268.156078
6.65,29,268.3259
-2.75,9,268.383439
-1.4,15,268.489171
-3.7,8,271.03139
4.35,20,271.166382
2.5,18,271.30146
-3.35,15,271.392612
-4.6,38,272.112393
-0.1,13,272.200658
-2.4,5,272.229125
-0.3,6,272.268575
-1.45,17,272.371073
-4.3,4,272.396521
3.1,13,272.472334
2.55,18,272.583984
-4.6,7,272.633886
-1.45,7,272.673268
-3.85,10,272.735035
4.5,28,272.904511
0.0,13,272.988811
-0.25,14,273.072151
-0.75,21,273.198232
-3.4,15,273.296889
0.7,15,273.404341
-3.25,4,273.432468
-2.85,12,273.518249
-1.45,6,273.556486
-1.65,38,273.770735
2.15,10,273.833328
-3.45,6,273.874417
3.45,18,274.005896
-1.35,6,274.043192
-2.45,16,274.163613
-2.7,9,274.228271
0.6,7,274.281418
1.55,21,274.402841
-4.6,7,274.44459
-1.85,20,274.562225
1.65,26,274.712792
0.2,11,277.359249
-1.45,17,277.455665
-1.65,10,277.524097
-4.3,4,277.550825
2.35,18,277.995358
-1.5,18,278.109452
-1.45,7,278.163478
-3.8,11,278.246356
-5.2,13,278.342191
0.45,8,278.394827
-3.7,18,278.505291
-4.5,6,278.538205
-0.75,29,278.712675
-3.0,12,278.776251
-2.45,7,278.82099
-4.4,5,278.854618
-4.4,5,278.894642
-4.5,16,278.998364
1.55,37,279.226021
4.35,21,279.367553
-0.85,11,279.446588
1.2,21,279.58006
-2.3,4,279.603729
0.95,13,279.680995
7.85,26,279.844166
-1.3,5,279.880132
-1.25,24,280.050082
-4.2,3,280.076505
-2.4,15,280.169936
-3.6,27,280.344082
3.05,16,280.429797
4.8,17,280.532747
-4.3,4,280.55957
-3.5,6,280.594193
-0.1,24,280.746922
-3.65,8,280.798936
-0.05,26,283.437295
-1.55,9,283.507021
-2.65,8,283.558106
-4.3,4,283.583732
7.2,55,284.289712
0.2,11,284.365422
-2.9,11,284.448625
-3.7,8,284.509359
-4.8,9,284.582117
5.2,25,284.745411
-4.6,7,284.784406
-1.55,8,284.84384
-4.2,3,284.868354
-4.1,2,284.893672
-2.85,10,284.960107
-3.15,3,284.981116
-5.3,14,285.077357
0.75,16,285.173741
-0.45,17,285.291847
-1.0,22,285.405696
-1.65,28,285.585434
-2.05,12,285.661882
2.55,29,285.856901
-0.2,15,285.952289
-2.6,7,286.001231
-3.5,6,286.049248
-4.3,4,286.074746
0.55,47,286.356636
-0.6,18,286.473277
-3.0,21,286.594833
-4.3,4,286.630968
-2.45,6,286.673503
0.45,29,286.850022
-0.6,18,286.963075
1.25,11,287.024388
4.9,45,289.994829
-0.3,15,290.080361
-4.1,2,290.099709
-1.5,7,290.138568
2.0,15,290.255207
-0.05,25,290.431875
-5.5,16,290.538584
-4.1,2,290.552981
0.55,16,290.659608
-1.6,7,290.708364
2.6,17,290.805977
-2.35,5,290.845144
6.1,35,291.062984
4.7,17,291.180854
-4.4,5,291.218989
2.65,18,291.342388
-3.75,9,291.40252
-4.4,15,291.492669
-3.15,3,291.511672
6.05,16,291.611447
-2.35,5,291.645163
-0.1,14,291.718932
-2.4,7,291.758798
-3.2,4,291.795144
3.45,22,291.936449
-0.65,9,291.997887
-2.85,20,292.115477
4.95,24,292.260033
-4.8,9,292.331254
-2.8,9,292.378407
-5.0,11,292.447202
-4.2,3,292.466922
-4.3,4,292.496706
-4.1,2,292.514052
-2.8,10,292.578638
-2.25,4,292.602942
-2.7,11,292.674242
-3.35,6,292.711996
-6.15,43,292.989491
-0.6,9,293.07345
1.65,36,296.152019
-3.15,3,296.180569
5.35,21,296.323633
-1.85,10,296.388682
0.85,14,296.482133
-3.5,16,296.573442
0.1,14,296.655183
0.0,13,296.734304
-0.15,16,296.827913
0.1,13,296.905531
-1.95,12,296.97328
9.25,23,297.113467
0.4,18,297.216075
18.6,50,297.508182
1.15,11,297.587757
-5.0,11,297.663923
-1.3,5,297.694256
0.5,17,297.804572
7.7,59,298.157761
-0.2,24,298.32641
8.2,37,298.553015
-2.95,11,298.615636
-2.3,4,298.639112
10.2,26,298.806827
-1.5,7,298.844292
-1.6,8,298.906476
8.8,39,299.465053
-4.25,14,302.05728
-4.3,4,302.082324
1.95,13,302.172336
-1.35,15,302.268098
-3.35,5,302.308175
-2.55,17,302.417257
-3.35,5,302.458725
5.95,14,302.541549
-1.5,7,302.588115
-1.85,10,302.660785
-2.05,22,302.786697
-1.4,16,302.885903
-3.15,14,302.957951
-2.4,26,303.10941
-3.4,5,303.139306
-3.3,14,303.212489
3.25,20,303.329135
-3.15,3,303.353243
-1.9,11,303.439311
-1.5,7,303.491092
-3.9,20,303.604382
-1.7,10,303.665218
-4.4,5,303.705336
-0.4,16,303.811198
-2.95,31,304.043818
-7.9,50,304.367727
-2.4,15,304.451844
2.4,28,304.616206
-2.2,4,304.652691
0.75,14,304.735347
-1.65,8,304.788494
-4.4,15,304.878498
-0.85,10,304.953077
-0.55,9,305.011402
1.3,12,305.079644
-2.85,11,305.971317
-1.45,17,308.579099
4.9,28,308.746124
-4.1,2,308.760471
3.05,36,308.976596
-2.55,18,309.073664
12.35,45,309.342635
-3.35,6,309.382438
-3.4,5,309.417618
5.55,19,309.535231
-4.95,31,309.722526
1.35,29,309.899025
6.55,39,310.152678
-2.4,6,310.18679
-3.45,6,310.225278
2.0,55,310.56921
-4.6,7,310.615171
-3.4,5,310.658918
4.8,18,310.777336
6.35,20,310.90119
-1.2,14,310.994989
-4.3,4,311.031314
-4.4,5,311.066214
2.25,20,311.192955
5.75,26,311.348089
-0.45,6,311.387908
-1.2,13,311.491629
-2.2,4,311.53341
-2.15,17,311.896055
2.25,40,314.718666
7.6,28,314.887457
-4.8,9,314.969184
0.4,9,315.030403
3.5,28,315.237444
16.1,51,315.570794
-0.55,20,315.684197
-1.65,18,315.817589
-3.35,5,315.856953
-1.2,14,315.935768
-3.1,23,316.082173
5.4,28,316.27241
-3.2,4,316.315344
2.8,39,316.540505
-1.7,10,316.606313
-1.7,20,316.728067
-4.15,13,316.797379
4.6,31,317.002558
-4.7,8,317.080548
9.3,36,317.339166
-4.2,3,317.359258
2.1,41,317.612272
3.75,47,318.708622
-0.8,11,318.770208
4.9,15,321.366232
3.0,15,321.486985
-1.15,24,321.653075
-3.5,6,321.697722
6.4,31,321.885666
-3.5,16,321.993022
-4.3,4,322.01784
-2.4,6,322.052398
11.85,28,322.224067
-4.2,3,322.249177
-4.05,12,322.319526
-3.6,7,322.365979
-1.1,23,322.534414
-0.55,17,322.629511
-3.35,15,322.71029
-0.1,24,322.839497
2.7,40,323.076668
6.2,24,323.219089
2.6,20,323.355026
-2.4,15,323.443146
-4.2,3,323.462818
5.15,43,323.746546
0.45,19,323.875287
-3.3,4,323.899755
2.55,18,323.99773
-1.4,6,324.03146
0.1,12,324.096375
-4.1,2,324.111016
8.25,23,324.551009
-1.35,26,324.729494
-2.4,5,324.764073
-4.5,6,324.80254
-0.45,16,327.42454
-4.2,3,327.444544
-4.4,5,327.480547
-1.8,10,327.551907
-1.65,8,327.598899
-2.4,5,327.632132
-4.1,22,327.766542
-3.65,8,327.807945
6.7,77,328.268251
-4.5,6,328.299627
-6.1,22,328.43722
-2.7,8,328.486664
-4.2,3,328.511624
-1.6,9,328.579528
-1.65,10,328.642729
-4.9,10,328.69719
-0.55,9,328.746622
-4.6,7,328.786105
-1.7,10,328.851165
-1.6,8,328.890871
-0.55,18,328.991081
-3.3,4,329.018017
0.3,10,329.078446
-4.8,19,329.183255
-4.2,14,329.278215
-4.5,6,329.32003
-2.25,5,329.353108
-2.25,4,329.377802
-5.9,20,329.495066
-2.25,4,329.519008
-1.6,8,329.570133
-1.7,9,329.621097
4.35,42,329.864385
-0.7,19,329.970838
1.2,12,330.377974
-0.35,6,330.412887
-2.8,19,330.523331
-2.35,5,330.554527
-3.65,8,330.605583
-5.3,14,330.688139
-2.7,9,330.750288
-2.6,7,333.181185
3.7,18,333.29547
0.75,15,333.388979
-5.2,13,333.456153
-1.5,8,333.511605
-2.9,11,333.578101
-3.5,16,333.668632
-4.5,6,333.706734
-4.3,14,333.81382
-3.35,5,333.858748
-4.6,17,333.969601
-3.4,5,333.998825
5.45,39,334.262821
6.2,21,334.389484
-1.55,22,334.512769
-0.45,9,334.590465
1.85,18,334.724807
-4.1,2,334.741624
-1.75,10,334.809988
1.1,11,334.883872
5.0,16,334.99748
0.15,30,335.185522
4.6,37,335.382795
0.75,15,335.467471
-3.25,4,335.491184
-3.3,5,335.521068
1.2,21,335.652015
-0.75,11,335.712988
-2.8,9,335.765414
-1.85,20,335.890409
0.5,17,336.340517
-0.75,30,336.539561
-2.8,10,336.61218
-4.6,7,336.655977
4.75,37,339.468417
-2.85,12,339.536382
0.15,13,339.63556
2.0,12,339.717109
1.15,12,339.786191
-1.35,6,339.826354
0.6,26,339.969284
-1.35,6,340.010275
-4.0,11,340.083457
-1.5,6,340.125703
0.15,10,340.188707
2.0,24,340.32057
0.35,10,340.385547
0.95,16,340.481342
3.15,31,340.65246
-1.1,14,340.730548
13.5,46,340.979631
3.75,16,341.068723
2.0,26,341.233965
-2.35,5,341.270816
-3.3,4,341.302862
-2.4,6,341.338402
-3.15,3,341.359586
-2.8,10,341.422468
-4.4,5,341.451909
8.35,33,341.652748
-5.5,16,341.754824
-4.4,5,341.786472
-3.2,15,341.876173
6.7,29,342.503772
2.15,12,342.57463
-4.3,4,342.599578
-2.3,15,342.688111
-4.1,2,342.703659
1.35,26,342.850056
4.5,39,345.639879
-0.85,20,345.76555
3.5,19,345.872357
3.05,24,346.011409
-4.7,8,346.066271
-1.0,12,346.140305
-0.85,21,346.254946
-2.7,10,346.316368
-2.45,7,346.358819
-3.15,3,346.385562
-3.4,6,346.42699
-0.05,13,346.508167
-4.2,3,346.534831
0.15,11,346.608078
6.4,21,346.731418
-2.75,20,346.858542
-2.0,12,346.927258
-3.8,10,347.000031
-1.5,7,347.046987
3.65,16,347.154267
17.5,86,347.632909
0.1,31,347.854387
0.45,28,348.626753
1.9,31,348.851357
-6.8,39,349.083808
-3.6,7,349.136991
-0.8,10,349.194979
-2.25,4,351.788013
-3.2,3,351.809837
3.55,18,351.944664
-5.0,11,352.023196
-2.6,8,352.09102
-4.2,3,352.117662
3.95,27,352.310976
-0.3,18,352.434775
-1.85,10,352.512072
-4.5,16,352.613554
6.8,35,352.817204
-0.95,12,352.896194
8.15,36,353.126527
-6.1,63,353.492678
-2.55,18,353.612351
1.5,17,353.71594
0.7,57,354.08813
-0.75,9,354.146903
-4.9,10,354.221864
1.2,22,354.377503
-3.55,7,354.858433
0.95,24,355.012723
5.3,23,355.151971
3.15,22,355.302035
-3.5,16,355.395669
-0.75,10,355.455485
-0.65,29,358.277987
1.4,10,358.354879
-3.55,7,358.411546
-0.9,12,358.489525
-4.6,7,358.534725
-2.25,4,358.563093
-4.3,4,358.593245
-4.8,50,358.935601
0.4,20,359.049063
-3.3,4,359.079088
-2.35,6,359.126563
-4.05,13,359.218666
-0.25,17,359.33978
0.0,13,359.423268
-4.1,2,359.440755
-1.9,20,359.554443
-4.65,18,359.670724
-4.3,4,359.695901
-4.8,9,359.753842
-2.5,7,359.801064
-2.2,4,359.831059
0.35,20,359.946961
5.4,20,360.059247
-2.55,27,360.219183
15.8,72,360.624207
-1.4,38,361.749283
6.4,28,361.923876
-2.5,10,361.984221
3.0,14,362.07507
1.55,16,362.155497
-3.15,3,362.174734
-4.5,6,362.213787
10.45,34,364.976304
7.4,20,365.088571
4.5,18,365.201605
17.15,45,365.529585
15.05,40,365.781604
-3.2,4,365.8065
-3.4,6,365.845619
5.15,31,366.021686
-2.35,6,366.055825
-4.1,2,366.070942
-4.4,5,366.109575
7.2,33,366.30867
0.0,14,366.383881
-1.1,13,366.457554
1.8,35,366.662053
4.65,18,366.755511
-0.5,8,366.809503
4.5,18,366.908668
0.35,11,366.978861
-1.6,18,367.076777
-4.0,11,367.506629
-2.35,5,367.545749
3.4,39,367.799398
-4.3,4,367.829401
-3.15,33,368.023626
-1.45,7,368.072704
2.35,20,368.196683
5.55,28,370.840479
-1.45,6,370.877658
0.45,8,370.93012
1.2,11,371.016586
-2.2,4,371.041591
-3.3,4,371.064666
-3.2,3,371.083368
6.7,27,371.227857
0.4,9,371.284576
-4.2,3,371.308568
-4.8,9,371.370801
-0.5,7,371.418113
-4.9,20,371.547136
-0.4,7,371.593186
-3.4,25,371.786093
18.6,48,372.113348
7.75,27,372.279119
1.55,18,372.391839
-1.3,5,372.43284
1.3,11,372.508577
1.25,10,372.569299
8.7,39,372.823574
-4.3,4,372.859986
-2.45,6,372.906505
-3.35,5,372.942085
-4.4,5,372.984958
12.5,43,373.6009
9.3,35,373.821764
-3.5,16,373.956479
-4.3,4,373.984076
1.15,23,374.137149
-4.3,4,374.1641
-3.05,13,374.246106
-0.55,27,374.407139
-4.2,3,374.434552
-2.65,8,374.480736
1.4,10,374.538303
2.65,17,377.328494
13.3,44,377.565137
0.5,7,377.607791
2.3,19,377.720317
-1.1,12,377.802443
-2.3,4,377.834023
0.5,38,378.09546
2.35,12,378.191455
-4.5,6,378.231891
-4.5,27,378.456234
-2.3,4,378.493377
-0.7,9,378.566173
-1.45,7,378.623902
-0.3,16,378.720597
-3.6,7,378.767373
10.85,29,378.986496
-2.4,6,379.023076
-0.6,21,379.16954
1.4,29,379.355329
-0.8,20,379.480501
5.9,36,380.044517
0.3,30,380.254712
-3.45,7,380.306759
-1.5,7,380.352004
-3.2,3,380.384614
11.5,34,380.653258
-1.35,5,380.703207
-4.9,20,380.841866
3.7,28,381.053432
2.9,24,383.831772
-0.6,8,383.88709
-4.6,7,383.925812
0.4,29,384.088427
-0.25,17,384.184186
-4.3,4,384.217637
-4.1,32,384.396208
-4.2,3,384.415552
3.15,24,384.57223
0.15,31,384.730785
-4.1,2,384.74616
-2.55,7,384.796743
-2.6,8,384.840476
-2.15,13,384.943554
-2.8,9,385.013113
-4.1,2,385.028568
5.45,23,385.176793
10.1,23,385.316081
-2.85,10,385.371111
6.65,27,385.531497
-4.2,3,385.556154
0.0,13,385.645425
-2.55,17,385.758693
-1.0,12,385.841143
0.55,16,386.953682
2.1,21,387.100578
-1.6,8,387.165725
-1.1,15,387.263674
-0.75,10,387.344602
-1.85,12,387.416791
5.05,34,387.609956
-0.6,7,387.654662
-2.55,10,387.708842
-0.5,16,387.808737
-2.2,4,387.839736
-4.3,14,387.91548
-1.8,9,390.493889
5.55,29,390.686922
-4.0,21,390.824508
5.35,35,391.036579
-4.1,2,391.052587
0.4,18,391.159458
3.3,11,391.217365
4.35,31,391.388669
3.1,13,391.477431
-1.7,8,391.531881
-1.45,7,391.575881
-3.6,18,391.706336
1.8,16,391.809075
-2.35,16,391.903699
0.3,10,391.968564
-2.55,7,392.008893
-4.4,5,392.042527
3.7,17,392.159666
3.25,30,392.33158
-3.6,7,392.371583
-4.3,4,392.399324
-4.2,3,392.420324
-7.0,31,393.628011
-0.45,17,393.742126
0.0,32,393.990671
0.65,16,394.093093
-2.25,4,394.124893
-2.85,11,394.203738
-3.3,4,394.233987
-2.4,5,394.267496
-1.25,14,394.350706
2.3,12,394.42234
2.5,18,394.539576
-3.4,5,394.570111
-2.9,10,394.627761
0.85,16,394.728246
0.25,20,397.59992
-2.15,34,397.842994
-1.3,15,397.954444
-5.4,15,398.09915
8.0,37,398.341318
8.35,32,398.566544
1.3,9,398.626633
-4.2,3,398.650931
13.3,38,398.860993
-2.6,8,398.907187
-3.55,17,398.999553
1.35,9,399.058944
-3.2,23,399.209052
-3.0,11,399.283627
5.85,24,399.461697
-0.35,7,399.518888
-4.1,2,399.537481
-2.45,6,399.582123
-0.1,23,400.604884
1.9,24,400.77443
-4.1,2,400.788424
11.05,43,401.033423
-0.9,11,401.107936
-4.65,18,401.222722
15.9,60,401.595985
2.05,42,404.575213
-2.6,7,404.636588
-4.2,3,404.669163
-3.4,5,404.725238
3.55,18,404.86082
-4.4,5,404.902993
1.95,14,404.991979
-1.2,13,405.069808
-0.85,12,405.150398
12.7,38,405.406849
-1.0,22,405.551718
-4.1,2,405.566975
-4.0,12,405.632675
-2.35,5,405.667674
-4.5,6,405.704076
-1.0,22,405.850998
-0.35,7,405.892031
-1.4,18,406.016176
-4.3,4,406.039994
3.35,41,406.306595
0.45,7,406.362792
0.2,11,406.44105
-1.45,16,406.529749
-3.35,15,407.087397
-1.8,10,407.161751
-2.2,13,407.244165
16.6,42,407.499033
-3.45,6,407.5372
-1.4,16,407.64412
2.6,16,407.756614
-3.45,6,407.797667
0.55,18,407.919939
5.95,26,408.087497
3.6,18,408.227946
0.55,19,408.355101
-0.9,11,411.006644
4.7,29,411.212251
-4.7,8,411.265469
-1.6,9,411.327346
6.15,24,411.553655
9.8,31,411.773344
-1.6,18,411.903362
-1.4,7,411.955384
-4.1,2,411.971367
-3.85,10,412.033962
-3.35,15,412.127189
14.5,34,412.332744
6.95,25,412.490422
-4.2,3,412.510417
-4.45,26,412.65847
-0.75,10,412.737187
1.3,10,412.803089
0.3,21,412.980933
-6.6,27,414.057602
-2.45,6,414.103598
-0.55,19,414.219219
-3.25,4,414.250262
0.6,7,414.29687
-0.55,8,414.354354
1.55,16,414.450794
-4.1,2,414.464792
2.05,14,414.545252
-1.6,8,414.593241
-2.85,10,414.65697
2.35,32,414.839912
0.15,10,414.909587
-3.6,8,414.964845
-0.6,8,415.02579
1.4,8,415.083184
5.1,13,415.160162
20.0,70,418.2207
-4.35,16,418.336946
-2.25,5,418.37596
1.1,21,418.522237
-1.3,5,418.559303
-0.2,14,418.647025
1.4,8,418.717266
-0.6,7,418.773156
-2.45,6,418.815502
-2.55,7,418.855371
-3.7,8,418.914833
-1.3,25,419.069824
-4.7,8,419.131994
4.35,31,419.34305
-4.4,5,419.370053
-4.6,7,419.411056
0.65,17,419.519777
-4.2,3,419.539504
-4.6,7,419.590503
5.1,23,419.714227
-3.2,3,419.73395
-1.35,15,420.162755
8.4,21,420.330409
-4.2,3,420.358574
2.65,16,420.550811
-4.1,2,420.575689
3.95,35,420.859597
0.6,19,420.983558
-3.25,4,421.008284
14.0,36,421.224117
9.0,27,421.412784
-1.55,8,421.463728
0.2,20,421.60891
-0.35,6,421.644031
-1.15,13,421.73911
5.6,20,424.552366
-4.8,9,424.614199
-2.2,4,424.643842
1.25,19,424.771142
-2.4,5,424.812021
0.45,22,424.936167
-0.95,22,425.057188
-0.65,10,425.115118
-2.35,15,425.221478
-4.1,2,425.237686
-4.6,7,425.28395
3.05,13,425.403213
-4.1,2,425.420687
-2.2,14,425.526051
-2.55,17,425.620484
-2.5,6,425.667677
-4.1,2,425.681419
2.3,11,425.746268
-5.8,19,425.855691
-1.25,5,425.892742
-3.3,4,425.91539
-9.7,58,426.709711
-2.25,24,426.855546
-5.9,20,426.985615
4.45,20,427.108659
1.05,22,427.25103
-4.5,6,427.291846
-0.35,37,427.521472
-3.3,4,427.547299
-2.9,11,427.62207
-0.95,21,427.748875
-4.1,2,427.764574
3.8,15,427.86683
-2.2,4,427.893209
1.1,11,427.964634
18.85,40,428.212032
-2.95,11,431.005551
-1.6,7,431.056637
1.55,18,431.187147
-4.5,16,431.302675
-0.8,10,431.364955
-2.25,4,431.397976
-1.3,5,431.433775
-4.1,2,431.447531
2.65,17,431.552481
-4.1,2,431.569208
1.8,15,431.659662
-1.7,18,431.782262
-3.55,7,431.8296
0.85,13,431.91104
-0.7,11,431.980241
-1.95,11,432.051939
0.55,7,432.09386
0.35,19,432.221917
-0.15,25,432.383594
-4.2,3,432.414872
-5.05,22,432.543801
-3.2,3,432.564522
-1.3,5,432.610296
4.3,32,433.214062
-0.4,6,433.250895
-1.2,13,433.345031
-2.4,7,433.39613
3.6,17,433.494282
3.5,29,433.660975
-3.25,4,433.692983
3.65,17,433.803767
-4.2,3,433.82303
-3.2,45,434.082796
5.25,32,434.261872
16.3,63,437.488963
-4.1,2,437.502005
0.1,12,437.589169
0.1,13,437.679562
-1.4,6,437.719617
-1.85,10,437.782287
-2.5,17,437.914161
-4.2,3,437.932482
-4.1,2,437.946987
-2.55,17,438.070298
3.9,25,438.252582
-2.25,5,438.296922
-0.55,7,438.351781
-2.25,5,438.383148
1.1,12,438.467269
0.65,15,438.575974
18.65,46,438.870598
1.85,24,439.007406
-2.65,9,439.059224
2.2,92,440.047024
-4.2,3,440.071554
-1.0,13,440.168152
11.15,36,440.376326
0.55,7,440.405336
5.7,26,440.55848
-2.25,5,440.596505
5.9,37,440.80265
-4.5,6,440.838686
3.3,22,440.963794
-4.6,7,441.000834
-1.3,6,441.033871
-3.5,16,441.115448
-0.75,20,443.491094
0.25,11,443.560165
-1.8,9,443.614202
0.55,19,443.741415
-3.15,3,443.784428
4.65,16,444.005507
-0.55,8,444.123566
-2.5,6,444.208503
6.2,33,444.541014
0.25,12,444.640271
-2.95,11,444.730937
-3.6,7,444.798352
15.65,63,445.199639
-4.4,5,445.238581
3.4,30,445.701506
-1.35,17,445.820988
-6.2,23,445.960389
-1.55,8,446.016395
3.15,21,446.153349
3.45,19,446.257268
-3.35,15,446.347482
-1.2,57,446.715685
-3.8,10,446.782224
-0.05,12,446.865259
3.0,14,446.944463
1.65,15,447.028337
8.4,33,447.211908
7.1,22,449.67814
-4.3,4,449.70313
0.85,34,449.920298
-4.2,3,449.942833
2.95,13,450.026754
-4.5,17,450.124689
-4.2,3,450.143078
1.35,10,450.203498
1.95,13,450.273199
11.9,29,450.43755
-0.4,15,450.528945
6.65,19,450.641644
-1.6,28,450.823253
-0.75,10,450.884967
-3.15,25,451.345278
-1.45,7,451.388996
15.0,39,451.600348
-2.4,18,451.714081
-3.65,29,451.906552
-4.1,2,451.919396
-2.6,7,451.96212
6.0,26,452.115884
-2.6,9,452.178703
2.75,38,452.401643
9.7,29,452.566091
1.25,25,452.721431
-4.4,15,452.80088
-2.85,41,453.044537
1.45,18,455.623354
-2.25,5,455.662183
-0.75,11,455.727098
-2.15,13,455.805546
1.9,23,455.941628
7.3,34,456.15168
-1.3,5,456.181115
-0.45,6,456.216178
8.0,49,456.477169
0.5,9,456.532844
-4.6,17,456.629286
12.05,35,457.251347
-2.75,10,457.323262
-4.4,5,457.369169
4.4,21,457.531471
-3.7,8,457.587323
-0.5,21,457.74458
-2.5,7,457.801987
-4.55,27,457.998042
-2.2,4,458.026285
-2.45,6,458.071556
-2.95,13,458.177642
-8.15,63,458.523213
-2.7,9,458.569673
6.25,24,458.711432
1.1,13,458.780779
-2.6,7,458.826131
2.8,55,461.829392
-2.0,21,461.965394
10.15,34,462.161994
0.2,11,462.234482
-2.65,8,462.286914
-4.2,13,462.371006
7.75,27,462.545695
-2.7,8,462.600213
-3.0,11,462.674397
-4.4,5,462.706693
-0.4,25,462.86516
7.75,25,463.022524
-2.8,10,464.502729
-0.85,22,464.648604
0.95,13,464.729246
0.55,19,464.849276
-4.1,2,464.865774
-2.4,16,464.993489
2.1,14,465.121285
4.85,15,465.251068
1.35,18,465.373131
3.8,27,465.533038
0.15,25,465.683099
-2.6,20,465.800158
-8.45,56,466.118771
-3.2,13,466.20895
2.75,18,466.32905
-3.3,4,466.353519
-4.4,5,466.38598
-3.25,4,466.409914
-2.65,8,466.466014
-2.45,6,466.52247
-0.45,16,469.237437
3.75,27,469.409952
-4.7,8,469.455431
-3.3,25,469.596813
0.1,21,469.733222
-2.25,5,469.764494
-4.2,3,469.786244
-4.5,6,469.836847
1.7,16,469.945439
3.85,15,470.042831
1.6,28,470.213448
-2.6,8,470.26445
0.75,17,470.925428
6.4,62,471.284572
-3.7,8,471.331544
-3.15,3,471.35589
-2.35,18,471.460858
-1.45,7,471.498905
-0.15,15,471.585043
4.75,15,471.699969
6.85,25,471.888786
-3.15,3,471.915869
1.65,25,472.085112
-6.8,29,472.277616
14.35,47,472.575524
-3.15,3,472.600304
6.2,28,472.804597
-2.45,6,472.845634
-3.5,36,475.687091
-2.15,15,475.774448
-0.95,12,475.855505
-2.05,12,475.927521
-0.05,13,476.002034
15.85,53,476.342196
-2.85,10,476.399815
-2.9,41,476.646373
-0.45,27,477.230419
-1.35,6,477.269424
-3.15,3,477.292416
-4.65,50,477.619512
1.25,12,477.735973
-3.0,11,477.80996
-5.1,22,477.966198
-1.65,10,478.030132
-4.5,6,478.067934
-1.8,9,478.136716
-1.25,14,478.226236
-0.4,18,478.359807
0.2,30,478.542734
5.3,31,478.743387
-1.75,11,478.818058
-3.35,5,478.858836
4.45,30,479.041814
-1.35,26,479.224216
-5.5,16,479.330602
-4.4,5,479.370324
-2.2,14,481.953393
10.15,50,482.268286
-4.75,49,482.558817
-2.8,9,482.60638
-1.4,17,482.704921
-0.75,10,482.776953
0.95,15,482.864087
-4.35,15,483.973299
-5.1,12,484.052375
-4.5,6,484.09102
-1.0,42,484.381455
-4.4,5,484.412178
-3.3,24,484.54753
4.85,26,484.702076
0.1,12,484.773755
-3.9,10,484.837164
-3.35,15,484.93795
-2.7,8,484.987434
0.9,24,485.152285
-3.95,21,485.286491
0.65,18,485.384603
-4.3,4,485.410692
-2.9,10,485.484623
2.75,38,485.746595
-4.2,3,485.773813
-1.05,16,485.879171
-4.1,2,485.898976
-1.55,7,485.942795
-5.2,13,486.027946
-3.7,18,486.146133
5.1,43,489.080143
-3.6,7,489.117144
-4.35,15,489.208876
-3.15,3,489.232715
-4.8,19,489.341478
0.45,18,489.455513
-0.2,14,489.541958
3.7,29,489.709815
-1.3,15,490.752094
-0.2,25,490.919281
-1.15,15,491.009986
4.2,22,491.135329
6.6,30,491.314673
3.05,13,491.39768
-3.5,17,491.52147
-0.2,14,491.602714
4.2,22,491.73881
-0.15,54,492.072522
-0.95,22,492.220665
5.55,51,492.595817
-2.25,4,492.627979
-2.2,33,492.817359
1.75,17,492.928436
-0.9,12,493.010537
-2.7,9,495.767425
-5.05,42,496.050654
-1.35,25,496.236509
0.8,17,496.338363
-5.0,11,496.401478
-5.0,11,496.462152
-1.1,13,496.542628
-3.15,3,496.581836
-4.1,2,496.6039
-3.3,25,497.876365
12.0,66,498.291032
-1.5,28,498.465497
-0.5,59,498.77954
0.05,22,498.922201
9.3,32,499.117713
-4.35,77,499.54215
-1.7,29,499.699405
3.7,27,499.852812
-3.8,32,502.474733
-0.8,10,502.543536
9.5,31,502.72462
-5.2,13,502.801087
-2.7,20,502.932964
-2.8,9,502.997092
-3.65,8,503.038968
-6.5,36,503.663497
-1.4,15,503.75483
1.15,11,503.825535
8.2,45,504.081
-3.05,12,504.159398
-4.15,13,504.229524
5.95,24,504.372019
-1.35,7,504.420003
-2.55,17,504.533
-1.25,15,504.625612
6.7,18,504.741461
-1.45,8,504.795534
-1.0,13,504.882918
3.2,23,505.038824
-4.1,2,505.05336
4.1,34,505.259026
-0.45,7,505.307279
4.95,16,505.401281
-4.05,13,505.471885
-4.6,7,505.532585
-5.2,13,505.618857
-4.15,13,505.707399
-3.85,21,505.827374
13.95,60,508.832666
-3.4,15,508.921234
-1.3,5,508.949954
-1.95,12,509.030035
-1.05,22,509.149215
-2.35,25,510.246329
-4.8,9,510.315211
0.4,19,510.436293
-0.05,12,510.505082
-0.3,16,510.588283
1.3,19,510.703012
-0.5,37,510.928553
-4.85,20,511.056897
-4.5,6,511.098539
3.85,25,511.265561
-3.25,4,511.295756
-2.2,4,511.323058
-0.75,11,511.385308
-1.4,16,511.476202
-2.3,24,511.626191
3.3,13,511.711715
-1.0,11,511.780195
11.4,34,511.983872
-1.85,11,512.057222
10.95,58,512.406612
-2.9,11,512.475295
-4.4,5,512.511298
-3.4,5,512.540193
-2.9,31,515.32484
0.55,47,515.58446
-2.25,4,515.614465
-1.8,40,515.822573
-3.55,18,516.317594
-1.2,28,516.516953
12.9,42,516.85465
3.0,24,517.223364
5.55,19,517.594149
-2.1,13,517.794323
-1.6,9,517.920542
-0.9,10,518.062878
1.95,23,518.404239
-1.4,6,518.540037
-3.55,7,518.606072
1.45,17,518.863983
9.15,34,519.106428
-0.6,9,519.177585
-3.0,12,519.262128
0.7,26,519.427174
-4.6,27,519.594121
-1.95,13,519.682446
-4.8,9,519.737221
6.0,34,520.029745
0.0,31,520.215545
-3.15,3,520.238529
1.45,9,522.866389
-3.3,17,522.97682
-1.95,11,523.069729
-4.9,10,523.148815
-3.15,3,523.175912
-3.3,6,523.215041
-2.85,21,523.355212
-1.4,6,523.410066
-3.2,3,523.436754
1.15,13,523.916319
2.0,36,524.136792
-1.3,15,524.248392
-4.1,2,524.265768
4.4,32,524.48515
0.25,10,524.562296
-4.2,3,524.583638
-1.55,8,524.637197
-2.4,32,524.850399
-5.2,13,524.94312
2.0,13,525.031531
9.9,48,525.343394
-2.3,6,525.389621
-1.45,7,525.437212
4.7,17,525.544909
-4.8,9,525.606084
3.1,12,525.670042
-1.3,5,525.707157
1.8,35,525.920882
-4.1,2,525.941123
-1.75,9,526.004206
-1.85,20,526.121723
-5.6,17,526.220558
2.0,24,526.367352
-5.7,18,526.490118
-4.6,7,526.527675
5.0,117,530.243424
1.25,10,530.326541
-4.1,2,530.344753
-0.05,14,530.445378
-2.15,13,530.540112
-0.05,15,530.653825
-2.45,6,530.704225
-1.3,6,530.754048
4.65,20,530.882332
18.3,43,531.162542
-6.1,62,531.53224
0.45,9,531.620598
-1.6,8,531.694561
-4.2,14,531.812014
2.2,11,531.897986
4.65,39,532.181156
-3.25,4,532.221596
-4.1,13,532.309975
-4.05,12,532.393358
-1.55,7,532.440134
-0.2,14,532.538428
-4.3,4,532.572254
-3.15,13,532.676419
8.1,34,532.897385
-3.9,10,532.975235
-0.55,9,533.036428
1.0,14,533.133613
0.65,16,536.061149
2.15,12,536.146162
5.65,30,536.366784
10.1,35,537.059054
-1.25,15,537.157528
-4.1,2,537.178766
-4.2,3,537.204947
0.85,15,537.304281
5.95,25,537.474913
9.7,26,537.630798
-4.7,18,537.744588
-2.25,5,537.7942
-4.2,3,537.814723
0.25,11,537.897456
6.15,23,538.050947
15.8,46,538.363179
-4.1,2,538.378813
-3.15,3,538.404473
-1.3,5,538.451435
-2.6,7,538.517391
4.45,20,538.664684
-2.6,8,538.723882
-0.05,13,538.814412
-4.1,2,538.832925
-2.85,10,538.901854
-2.75,9,538.964573
1.4,40,539.228899
-5.8,19,539.376719
-4.1,13,539.456733
-3.45,6,539.494426
-4.8,9,539.559007
-4.6,7,539.606251
2.05,13,539.683389
1.05,11,539.75929
-2.65,8,539.817721
-2.4,5,539.860411
-3.2,3,539.889267
9.1,33,542.898636
6.6,31,543.118766
-2.5,16,543.632991
-8.5,56,543.998274
2.05,12,544.097967
-1.8,11,544.176329
-4.2,3,544.201277
-0.6,7,544.24554
1.35,9,544.297117
-2.1,14,544.373087
2.65,17,544.476562
12.5,32,544.714627
7.6,18,544.838888
-4.1,2,544.854888
2.25,13,544.952769
2.45,32,545.178336
3.0,13,545.263401
-0.6,8,545.317065
0.6,16,545.434191
-4.6,7,545.477342
-4.2,3,545.501653
1.15,12,545.590436
-3.15,3,545.61865
-2.95,12,545.703832
-4.2,3,545.737318
13.75,64,546.106058
-3.2,4,546.139041
9.15,23,546.279944
-4.1,2,546.296666
-3.25,4,546.329125
2.15,23,546.473037
-0.4,6,546.518987
-3.15,13,546.608542
-3.45,6,546.65279
1.5,37,549.614212
5.95,16,550.165201
2.35,20,550.280214
2.15,21,550.393077
5.4,40,550.630836
-2.8,19,550.733438
-1.2,25,550.872889
27.65,57,551.236961
6.9,25,551.411796
10.35,33,551.642437
-1.45,8,551.69524
-2.45,6,551.755446
-3.7,8,551.812019
-4.1,2,551.82907
-3.2,3,551.856401
-2.6,18,551.983498
-5.3,14,552.073001
6.55,19,552.20673
-0.85,31,552.394139
-5.45,36,552.585494
7.35,35,552.790287
1.95,16,552.903425
4.55,18,553.031828
5.35,41,556.482855
3.7,18,556.597214
-4.4,5,556.627068
15.7,53,556.979631
-2.55,8,557.039251
-1.75,11,557.122604
-1.55,29,557.326446
5.05,14,557.436188
-2.3,5,557.482774
13.35,30,557.675447
0.0,13,557.768808
-2.75,9,557.835667
-3.25,4,557.865183
5.85,26,558.033255
-0.7,9,558.10083
8.95,24,558.309121
-7.2,33,558.548913
5.6,19,558.67791
4.9,25,558.849376
-2.8,9,558.914579
-2.25,4,558.947309
-2.7,9,559.000313
-0.85,10,559.078905
8.45,30,559.284631
0.7,27,559.456132
-2.3,6,559.50527
-0.6,9,559.581589
-0.8,11,559.659065
-0.75,10,559.736187
-8.9,80,563.467302
-4.65,19,563.584054
-3.15,3,563.62324
1.9,13,563.728514
6.8,26,563.903409
-2.5,6,563.942322
-3.65,9,564.017125
-4.5,6,564.057376
17.1,59,564.438735
-1.85,10,564.503368
-1.8,20,564.645005
1.85,18,564.798757
-3.6,18,564.932009
-1.35,5,564.972289
-3.6,7,565.016085
-4.5,6,565.0653
-4.4,5,565.101229
-3.75,9,565.164594
8.15,22,565.300929
1.05,13,565.394389
1.35,9,565.457715
-3.15,3,565.479305
-1.4,7,565.52272
-4.1,2,565.542774
-3.2,4,565.565468
-3.7,10,565.644985
7.0,25,565.847801
-0.35,27,566.033595
1.15,11,566.10761
-1.5,7,566.167317
-0.5,7,566.222054
3.85,28,566.410484
-3.4,6,566.456158
-0.5,28,566.65649
-1.4,6,569.872483
-3.15,3,569.901937
-1.7,30,570.11093
0.95,14,570.211956
4.65,38,570.454667
-4.8,29,570.733266
-1.0,23,570.929852
-1.55,7,571.00345
0.3,11,571.100699
0.25,21,571.235145
-2.35,5,571.283401
-4.6,7,571.335788
-2.7,8,571.410685
-4.7,8,571.475602
-0.8,20,571.608743
1.55,27,571.772897
-4.2,3,571.797752
2.25,11,571.874242
5.3,30,572.07584
-2.75,9,572.138301
-4.3,4,572.177138
12.0,34,572.401485
-0.35,16,572.531243
6.5,20,572.676753
-3.4,5,572.706806
1.65,17,572.824729
5.8,46,573.150701
8.55,20,573.305206
6.1,34,573.917334
1.95,13,576.748122
8.6,59,577.15446
-4.5,6,577.211674
0.55,17,577.328024
17.45,72,577.819842
-3.9,71,578.283365
-1.35,6,578.333729
-4.5,6,578.37957
-4.1,2,578.396173
-1.6,48,578.67422
1.3,10,578.738788
0.15,13,578.818609
1.95,33,579.016094
1.15,14,579.115864
5.5,20,579.239197
-1.6,7,579.284449
0.6,17,579.406297
-4.2,3,579.425411
3.05,51,579.773422
-3.3,5,579.81426
-1.5,18,579.934519
-2.1,13,580.603023
3.9,46,583.648741
-2.8,10,583.71578
-5.9,20,583.858332
-1.7,9,583.923675
0.0,12,584.005531
-4.1,2,584.022511
3.4,48,584.338793
-3.6,7,584.397201
2.4,20,584.542749
-2.2,14,584.638164
-4.8,9,584.700339
15.8,67,585.125511
1.85,54,585.474558
-4.2,3,585.501899
9.25,53,585.830736
3.85,36,586.063771
2.0,22,586.233205
-3.3,4,586.262919
-1.95,11,586.334622
2.65,16,586.450036
-0.35,16,586.55899
-1.45,6,586.615821
-3.1,22,587.152144
5.85,27,590.468623
-4.3,4,590.498362
-0.85,20,590.6235
2.9,25,590.782447
-0.95,14,590.866399
-3.45,6,590.915435
-2.45,18,591.053228
-1.8,9,591.139803
7.25,40,591.416566
-0.7,8,591.48099
-2.25,4,591.522225
-4.2,3,591.545241
-2.8,10,591.620632
-0.55,38,591.867317
-3.55,8,591.923249
5.05,25,592.091425
3.15,21,592.245443
-2.4,6,592.284121
-4.1,2,592.29928
-2.0,12,592.389658
-1.8,19,592.532715
2.5,26,592.698488
2.05,93,593.31237
-5.2,13,593.398327
-4.6,7,593.446492
6.8,29,593.646296
-0.5,17,594.187551
0.55,8,594.235031
1.0,13,594.314422
5.1,22,597.021469
0.35,19,597.133519
9.2,78,597.6315
-0.65,11,597.711788
-1.6,18,597.839299
0.45,19,597.975055
2.0,14,598.06741
-3.3,4,598.093709
-4.3,4,598.124452
-1.95,22,598.263344
2.15,22,598.416713
0.55,17,598.52303
-3.5,7,598.577852
-3.2,13,598.670215
16.0,67,599.063873
-4.1,2,599.078263
5.2,43,599.359874
-0.35,16,599.466158
4.2,21,599.588847
-0.6,29,599.794106
-4.2,3,599.826214
-6.0,21,600.312636
4.2,52,603.617872
7.15,44,603.894432
-2.6,8,603.971767
1.85,14,604.083525
12.5,42,604.386475
-1.6,18,604.509154
-5.0,21,604.636543
-3.15,3,604.657753
14.05,67,605.052006
-4.3,4,605.083715
0.85,14,605.186019
-0.55,9,605.247824
-5.05,22,605.385653
0.6,47,605.690451
0.7,57,606.041049
-2.2,4,606.067039
-4.2,3,606.093663
-1.6,8,606.13966
-4.2,3,606.166793
-3.85,11,606.235461
-3.25,4,606.263495
-1.2,15,606.37983
-5.1,12,606.475188
-2.7,18,607.211439
-3.35,5,607.276727
-3.55,7,607.357538
-2.6,29,607.720263
5.05,36,612.061258
-4.2,3,612.106569
-3.75,9,612.23066
0.5,8,612.326641
-1.8,22,612.526358
-0.3,16,612.679007
7.15,23,612.916642
-3.45,6,612.968684
-4.9,10,613.074775
-4.85,20,613.259253
-0.4,20,613.424517
1.45,28,613.655001
-0.2,14,613.76418
-3.3,5,613.804063
-2.2,4,613.835586
-2.3,14,613.940326
-3.3,5,613.978811
8.45,34,614.250843
-1.55,8,614.325037
-3.8,9,614.391355
1.65,16,614.522199
-0.95,22,614.677662
3.55,17,614.814688
1.8,27,615.011222
-3.25,14,615.105633
3.15,14,615.24387
2.2,13,615.388713
-1.4,16,615.542856
26.7,106,620.634095
-1.3,26,620.823779
-1.65,9,620.898593
-0.85,21,621.041057
0.5,8,621.106199
2.0,43,621.406173
-1.0,12,621.505543
-4.1,2,621.526181
-4.9,10,621.601819
-5.3,14,621.697851
6.1,24,621.877974
15.15,26,622.099556
-0.85,10,622.176069
-3.45,6,622.220154
3.45,20,622.387521
0.4,28,622.618853
5.9,50,622.974006
-0.75,21,623.135942
-3.05,12,623.224757
3.45,30,623.579478
-5.6,17,623.764027
-4.35,15,623.916892
7.15,26,625.428312
0.4,19,625.656924
-4.8,9,625.754108
0.0,12,625.862563
0.5,7,625.927635
-4.9,10,626.021362
-4.5,6,626.06811
2.35,23,630.509252
0.75,15,630.624221
-0.7,9,630.707968
-3.85,10,630.802156
-2.0,11,630.919561
3.35,32,631.238882
-4.1,2,631.259885
-4.4,5,631.326079
-2.15,44,631.763526
-2.4,16,631.920242
-4.7,8,632.027366
3.2,32,632.295249
6.5,19,632.460614
-4.3,4,632.508037
-4.8,9,632.600646
-2.9,40,632.94635
-1.55,7,633.007671
-2.45,6,633.084154
0.75,15,633.239923
-4.85,20,633.465348
1.25,30,633.760503
-4.0,11,633.853693
-3.2,24,634.03771
1.6,21,634.246325
0.85,13,634.839254
8.35,22,635.010296
-3.15,13,635.193922
-4.1,2,635.242994
-2.25,5,635.312574
-4.1,2,635.348653
-7.2,44,635.822964
1.9,24,639.642394
1.75,24,639.934654
16.4,36,640.309212
-1.35,5,640.361153
6.8,37,640.660829
-0.7,20,640.825741
-3.3,4,640.865313
0.95,13,640.968112
-2.65,18,641.119642
-3.3,4,641.158671
-1.8,21,641.326976
-3.05,13,641.416192
-0.35,6,641.479254
1.6,36,641.82816
-4.2,3,641.87249
-3.15,3,641.906996
10.0,41,642.237189
-3.75,9,642.307288
22.0,59,642.694819
-1.85,10,642.759148
-7.9,40,643.426895
6.6,20,643.571406
-1.4,16,643.699327
-5.3,14,643.812264
7.0,36,644.101899
-2.3,4,644.138819
-2.45,16,647.143246
0.05,31,647.350281
-4.2,3,647.379914
-1.5,7,647.438013
-3.0,32,647.638362
-3.35,5,647.674986
-3.95,21,647.817775
12.7,89,648.394566
-4.3,4,648.435309
-2.35,5,648.491746
-5.7,18,648.631932
-4.25,14,648.733073
-2.85,32,648.965417
-4.2,3,648.987869
4.15,33,649.215845
-4.1,12,649.285314
0.15,11,649.370353
-4.1,2,649.386355
-2.65,8,649.451689
-3.05,12,649.542917
2.15,31,650.167225
0.25,12,650.247634
5.15,44,650.551765
-3.85,20,650.71258
-0.85,20,650.84307
-1.65,28,651.026456
-0.4,16,654.000449
8.3,32,654.211074
-2.7,29,654.415707
-2.75,9,654.476591
-3.65,8,654.532349
-3.5,6,654.577281
0.55,17,654.700891
1.6,17,654.819795
1.5,9,654.881892
4.25,22,655.034447
18.85,62,655.497742
-0.7,9,655.564886
-3.85,10,655.628958
5.4,83,656.178312
1.55,53,657.214305
-3.2,3,657.246556
-3.7,18,657.39222
0.5,7,657.438214
3.95,96,658.176368
-2.1,13,661.242894
0.1,33,661.463168
-4.1,12,661.568327
-0.7,29,661.772256
7.85,29,662.016629
-4.4,5,662.052118
0.45,18,662.179078
-3.15,3,662.201314
1.55,8,662.253395
-4.4,15,662.358221
-3.25,4,662.391545
-7.5,36,662.621235
-5.0,11,662.688808
8.05,24,662.83276
-4.1,12,662.91451
3.4,21,663.066065
11.15,32,663.263349
-6.8,29,663.444354
-4.2,13,663.561417
11.1,28,664.742935
-3.15,13,664.832165
-6.4,35,665.049947
-2.4,5,665.092622
24.75,65,665.513476
-3.15,3,665.536343
-4.2,3,665.569169
-4.6,7,665.61918
7.9,56,668.830676
0.5,27,669.001726
-2.7,8,669.050014
-0.15,14,669.14264
8.85,25,669.320227
3.15,23,669.462721
-1.0,12,669.551532
1.55,16,669.647588
6.65,32,669.85975
-0.8,11,669.937423
9.55,29,670.153932
-4.1,12,670.23753
8.95,25,670.436212
-0.85,11,670.538295
2.5,9,670.609446
3.05,23,670.784868
4.65,40,672.883285
-1.45,7,672.930279
8.6,59,673.295146
1.15,11,673.368252
-4.3,4,673.413699
-1.65,9,673.467947
6.0,34,673.690933
17.7,39,676.666904
-3.15,3,676.68992
-2.1,24,676.866311
13.55,34,677.126447
-2.45,7,677.178052
-2.3,4,677.207764
-2.4,6,677.246774
5.6,18,677.358945
1.25,10,677.426852
-2.5,8,677.489719
-0.35,6,677.529094
-0.55,17,677.644611
-3.6,8,677.703332
-0.3,17,677.835733
3.6,17,677.948513
1.05,22,678.099539
-3.2,4,678.126511
-4.2,3,678.150499
18.8,60,678.547373
1.0,13,678.637853
7.1,68,679.590937
-3.3,4,679.621422
1.5,8,679.679308
-0.45,8,679.739604
1.5,17,679.871921
-3.35,5,679.907585
-3.0,21,680.055243
-6.15,49,680.389354
0.7,16,680.500914
0.55,7,680.560424
9.4,34,683.535822
-3.95,11,683.634104
-4.1,2,683.654556
-0.5,7,683.723817
-1.65,8,683.780758
-2.6,7,683.830478
8.35,41,684.098459
13.8,37,684.3652
-1.15,23,684.510735
8.15,63,684.956851
14.05,30,685.147113
31.45,118,686.518301
1.4,21,686.655996
-2.5,6,686.701051
7.9,35,686.970899
7.2,32,687.181136
2.1,13,687.264704
0.3,9,687.333703
-3.25,14,687.433132
-2.45,6,687.470376
-4.1,2,687.491499
-2.2,14,690.447442
-3.65,8,690.512441
-4.3,4,690.549103
2.2,11,690.636407
3.45,101,691.342824
1.85,23,691.494856
-1.7,8,691.567842
-2.55,18,691.687905
-0.65,21,691.851398
8.0,36,692.080533
-4.4,5,692.126993
-3.2,3,692.150626
-4.2,3,692.175017
-3.1,14,692.297131
-0.45,16,692.412543
9.65,29,692.621327
-3.2,3,692.643215
-3.4,5,692.676098
2.35,62,693.388515
-2.2,4,693.41932
-4.4,5,693.461981
2.75,18,693.590176
11.85,52,693.937439
7.8,30,694.140978
-0.35,16,694.266089
4.7,27,697.204484
7.15,22,697.367728
-3.3,16,697.506319
2.75,24,697.664056
2.1,13,697.757628
-0.4,7,697.813307
0.5,7,697.861798
1.3,10,697.925903
-2.2,4,697.964647
-2.45,98,698.652725
1.65,18,698.767623
-1.6,9,698.843309
-1.35,15,698.966292
-0.65,8,699.024954
0.2,11,699.102759
-0.5,19,699.227106
-0.95,11,699.78781
-2.85,12,699.882501
-0.85,15,700.002896
2.45,19,700.207381
10.05,36,700.635504
-2.35,6,700.712972
0.55,17,700.929525
15.75,63,701.455926
-1.3,6,701.510207
2.5,27,701.720805
-3.65,8,706.504345
0.65,17,706.925555
-1.6,9,707.10315
-1.4,5,707.17869
7.35,21,707.433247
-3.05,12,707.601607
-4.1,12,707.79258
-1.35,15,707.984253
4.05,13,708.13485
1.5,19,708.329584
-4.15,13,708.474159
-4.7,28,708.94243
-4.5,6,709.050688
2.9,24,709.325661
-2.25,4,709.386696
-2.0,31,709.708633
-4.3,14,709.833446
1.9,25,710.341046
-3.95,11,710.430744
-4.05,24,711.775284
-0.75,23,711.923249
9.9,35,712.236931
-2.45,6,712.295458
-4.15,43,712.898225
2.65,15,713.136057
-4.3,4,713.219321
-3.5,6,713.302772
-4.5,6,713.392574
5.9,26,713.686787
-4.5,6,713.756647
-2.0,11,713.884986
7.05,36,718.241173
-4.3,4,718.287269
5.05,46,719.069997
2.5,9,719.17419
-1.75,11,719.461727
-4.9,10,719.638549
-5.9,20,719.854316
6.5,20,720.042615
0.0,13,720.16041
-1.95,27,720.427373
-1.65,9,720.551792
0.6,20,720.775414
2.85,25,721.05736
-3.7,21,721.288081
-3.6,7,721.358441
0.35,31,722.963888
-1.15,85,723.826274
-2.55,7,723.879281
1.5,17,724.044476
-2.95,12,724.13222
-2.45,6,724.185798
3.1,33,724.410096
7.15,23,724.593132
-4.2,3,724.619215
0.3,31,724.868931
-4.2,3,724.900777
-4.2,3,724.932681
-3.05,12,728.917876
1.0,17,729.058589
-4.4,5,729.098434
-2.5,16,729.246147
12.4,64,729.847023
-3.2,3,729.879716
1.45,29,730.165082
-3.45,6,730.247092
-1.8,12,730.359644
-2.9,10,730.43389
-1.35,5,730.475722
-0.95,11,730.58369
-0.9,10,730.656394
-4.1,2,730.682756
-1.65,9,730.784243
4.85,18,730.942534
-4.5,6,731.01031
-0.9,12,731.132667
6.25,32,732.073647
2.7,18,732.234985
0.85,14,732.376827
-2.25,4,732.417294
-3.55,7,732.480896
-3.1,13,732.587313
-3.6,7,732.663316
-1.35,6,732.734809
12.9,39,733.108479
-1.7,9,733.207127
0.0,12,733.342236
-2.05,12,733.463991
-2.15,23,733.658722
-6.6,102,738.105135
-1.65,8,738.17155
7.1,37,738.469373
15.55,73,739.05848
0.2,11,739.146975
-3.15,3,739.178788
-2.45,6,739.219869
-4.5,6,739.262498
-3.65,28,739.473746
-1.9,10,739.558762
-0.7,9,739.647785
-0.75,19,739.803373
-2.0,11,739.880298
-7.15,54,740.904461
-4.1,2,740.922445
-1.95,11,741.025043
-2.25,4,741.067295
-3.15,3,741.09203
-3.75,9,741.165656
-2.0,23,741.342018
-4.5,46,741.637653
4.2,22,741.814383
-3.35,5,741.857253
2.75,15,741.959036
-0.1,34,742.190545
-1.45,36,742.415151
5.35,22,745.639958
-2.35,25,745.835021
0.9,13,745.941547
-3.6,31,746.165663
15.75,61,746.553479
-4.2,3,746.577092
-3.3,4,746.608793
17.2,57,747.028946
0.8,16,747.126052
-2.45,7,747.178711
8.9,43,748.473222
-4.4,5,748.505457
-4.1,2,748.529183
9.1,61,748.935746
9.15,47,749.250304
3.3,32,749.443944
-0.45,17,749.571508
0.1,12,749.654266
1.25,30,749.889548
-2.5,27,753.108079
-6.5,26,753.32425
0.9,14,753.444607
-3.65,8,753.507603
-2.7,19,753.662467
-3.2,3,753.694151
-2.7,8,753.768872
-1.7,11,753.859668
-1.25,15,754.036774
-1.85,10,754.124846
5.15,55,754.592181
-2.85,15,754.716372
1.7,15,754.830802
0.5,7,754.894542
-5.0,11,754.985502
-2.3,14,755.544521
-4.8,29,755.764246
-1.8,31,756.079279
-1.2,13,756.185161
1.3,12,756.258837
-1.65,8,756.325203
2.15,12,756.427062
-1.45,6,756.483808
-2.6,7,756.541548
-3.25,4,756.588369
-1.6,8,756.648453
-3.2,3,756.671581
13.95,50,757.015478
-1.4,15,757.111286
-3.95,11,757.2114
2.75,17,757.363775
-1.35,18,757.527147
4.25,21,757.690507
-1.55,8,757.744989
-4.3,4,757.773314
-2.35,6,760.680207
-2.35,5,760.720489
-0.45,16,760.850449
2.9,18,761.000061
-0.5,7,761.06178
-4.1,2,761.080902
0.0,13,761.170116
-4.25,14,761.271767
1.9,15,761.382397
5.5,31,761.572156
-4.65,18,761.701616
11.55,32,761.894542
4.1,24,762.056211
3.1,23,762.955346
-3.4,5,763.021439
-4.7,8,763.090741
1.15,13,763.209019
-3.15,3,763.23999
-1.35,5,763.292073
-0.75,9,763.357348
-2.9,10,763.44255
-3.7,8,763.499149
22.75,52,763.875052
9.1,76,764.386208
-2.25,14,764.477412
-1.4,15,764.593127
-1.65,10,764.667692
2.45,19,764.811356
7.6,72,768.264257
-1.05,14,768.364915
-2.7,9,768.431397
1.15,12,768.512786
2.4,29,768.720154
5.25,41,769.026296
4.95,24,769.206589
10.25,46,770.855482
1.8,15,770.982189
-1.95,11,771.056692
-4.5,6,771.106622
0.45,18,771.247181
-1.35,36,771.501923
0.1,12,771.595265
-4.6,7,771.640686
-3.25,36,771.925083
-1.45,7,771.985803
1.9,23,772.175035
11.8,29,772.40022
6.05,25,772.586569
0.6,7,772.640566
-4.6,7,772.694317
-1.7,9,772.758224
1.35,39,773.021589
-4.1,2,773.041771
1.95,15,773.158121
0.1,12,776.232853
-3.65,8,776.301408
1.9,33,776.563927
0.0,23,776.734117
-2.3,6,776.777485
4.7,18,776.941908
-3.15,3,776.965074
1.25,22,777.150142
-4.1,2,777.177489
1.95,25,777.342081
-4.2,3,777.36477
4.8,17,777.480503
-1.55,8,777.53113
-1.9,21,778.150988
-3.2,3,778.182359
-2.85,10,778.242021
-3.05,12,778.346108
-1.9,11,778.428747
-1.3,14,778.548687
2.6,17,778.67567
18.0,68,779.140716
-3.3,4,779.17098
-3.3,5,779.208567
5.85,18,779.330314
0.8,16,779.43889
-4.15,13,779.530872
-4.25,14,779.632679
-0.8,13,779.722541
-2.25,4,779.757529
4.05,24,779.935868
-3.25,14,780.033698
1.4,23,780.188457
-3.3,5,780.221465
1.2,51,783.592512
-6.6,27,783.761737
1.9,14,783.858719
4.5,29,784.055509
-3.55,7,784.100287
-0.75,49,784.428777
-0.3,35,785.276471
-2.5,8,785.343779
-2.2,4,785.384882
-1.85,22,785.541185
-0.1,14,785.652692
3.95,35,785.923151
-2.45,16,786.032288
2.8,25,786.194797
6.7,38,786.480495
-3.3,5,786.517934
-4.8,9,786.594886
-2.95,21,786.734921
7.7,26,786.927416
-4.4,5,786.964327
-0.65,8,787.047541
-0.9,21,787.218066
-4.55,17,787.366255
8.05,36,787.660013
-2.75,12,787.789512
4.2,63,791.579285
-4.05,12,791.662955
-1.9,31,791.894791
-0.8,40,792.176152
-1.1,13,792.28037
-4.3,4,792.312042
-4.1,2,792.338667
1.45,19,793.809577
0.1,12,793.913813
17.05,47,794.228429
-0.55,18,794.343069
-0.5,18,794.45914
1.7,29,794.666604
-4.95,31,794.857347
-2.9,12,794.929386
3.0,15,795.026853
6.8,27,795.217483
-2.8,11,795.306956
-1.2,18,795.444285
-1.85,22,795.599991
-0.65,9,795.659384
1.75,15,795.764706
0.45,18,795.895436
0.3,49,799.380947
1.55,29,799.614842
11.95,80,800.206498
2.0,78,801.28368
-3.15,3,801.307032
-3.25,4,801.340173
2.25,11,801.425661
-1.45,31,801.646613
0.35,10,801.722355
0.2,10,801.796507
2.2,54,802.142861
-2.65,8,802.198629
-1.55,18,802.337945
-2.65,8,802.397945
1.6,28,802.619462
3.85,27,802.815706
-2.25,15,802.924783
-2.3,6,802.979926
-4.55,17,803.10747
15.25,87,806.719989
-4.4,16,806.854811
-4.15,13,806.94464
-1.5,7,807.000374
-4.35,25,807.173095
5.15,43,807.470608
0.95,15,808.031774
5.85,17,808.159388
7.5,22,808.312112
-3.45,7,808.367432
0.95,12,808.459829
2.75,41,808.760967
0.2,11,808.839522
-1.1,23,808.993899
-3.85,11,809.101347
-3.45,6,809.151459
14.05,48,809.484523
2.85,29,809.682555
-2.5,20,809.834613
-3.7,8,809.890888
1.45,10,809.964676
-4.6,7,810.00803
1.65,28,810.230696
-0.2,14,810.345403
0.0,13,810.439453
-2.45,16,810.567245
-3.05,12,810.661127
13.9,37,813.922852
-4.9,20,814.06426
1.15,32,814.302032
2.35,19,814.426997
-1.05,24,814.578394
-3.3,35,815.448198
17.65,41,815.778615
-3.7,8,815.852216
0.65,35,816.100057
-1.6,39,816.40998
-4.2,3,816.443742
-2.9,10,816.522738
-0.25,14,816.626003
-4.25,14,816.721108
-4.65,18,816.858608
-6.0,31,817.063437
-0.45,18,817.178175
-0.55,19,817.30302
-4.6,7,817.353215
-2.6,8,817.411994
-1.7,10,817.48873
-3.75,10,817.562222
-1.3,5,817.606579
-4.1,2,817.624683
-5.0,11,817.718321
-4.2,24,817.90284
-2.75,19,818.056627
-0.75,9,821.093987
10.35,22,821.251727
-4.1,2,821.269486
-4.2,3,821.290389
-5.05,22,821.43491
-0.8,12,821.505875
-0.55,19,821.635623
-4.2,3,821.6609
-4.3,4,821.702557
-0.7,30,821.910251
-0.9,11,822.484333
-0.7,48,822.801456
-4.6,28,823.008482
1.7,18,823.140785
-4.3,15,823.246156
-1.55,18,823.386267
0.25,40,823.667232
22.25,71,824.18147
-1.2,35,824.41727
3.95,45,824.738013
-0.9,13,824.82353
5.7,17,824.938534
-4.9,10,825.006536
-4.8,9,825.061472
-4.3,4,825.093808
12.55,55,828.294182
0.25,30,828.50022
-0.7,29,828.716328
-0.8,10,830.09563
6.5,30,830.367095
1.35,20,830.531689
-3.45,26,830.717665
-4.1,2,830.742459
3.9,24,830.939763
-2.05,32,831.217447
-3.3,14,831.331559
-2.4,6,831.386428
-3.2,4,831.425074
0.6,16,831.570407
-3.45,16,831.682791
4.1,15,831.797477
-2.85,20,831.961563
1.7,15,832.095895
5.5,39,832.416273
6.45,21,832.567003
9.55,30,832.791275
-3.35,5,832.826489
14.3,54,833.2124
-0.6,8,833.281808
-4.1,2,836.443164
-4.1,2,836.462361
-1.85,33,836.704176
-3.35,7,836.760393
-1.95,11,836.847595
-0.8,20,836.99599
-5.5,16,837.126396
-3.15,3,837.14954
4.3,37,838.584678
-3.1,12,838.665411
2.75,36,838.894969
0.15,54,839.256374
2.5,31,839.453847
1.3,10,839.5246
-3.55,7,839.57351
-2.5,6,839.620807
-2.7,11,839.700507
5.75,17,839.843665
-1.6,8,839.904514
-4.2,3,839.929476
-1.65,8,839.994346
-1.65,9,840.077518
-1.45,16,840.209346
5.0,24,840.391677
1.05,13,840.515149
-1.25,15,840.630848
2.0,33,840.897877
-1.85,10,840.972149
2.85,14,841.07871
2.2,13,841.175101
-5.6,17,841.303725
-2.0,12,841.400972
4.2,33,844.561213
7.6,38,844.834717
-0.85,14,844.957736
-3.2,4,845.502346
14.15,46,845.82268
-4.1,2,845.845695
-4.9,10,845.922257
0.05,32,846.156368
1.2,12,846.249508
0.3,9,846.315377
3.75,17,846.453422
-4.1,2,846.481969
-0.75,12,846.594804
-3.8,20,846.755557
1.05,13,846.881364
3.3,20,847.056973
-3.2,3,847.08725
-1.35,5,847.132249
2.45,18,847.284041
7.25,23,847.457237
26.35,50,847.815775
-1.65,20,847.97136
-4.15,13,848.062882
-1.65,8,848.141938
13.4,43,848.471861
-5.2,13,848.576534
-4.1,2,848.596564
-3.65,39,852.166111
-4.6,7,852.222333
-3.7,8,852.280209
-3.45,6,852.330395
3.1,13,852.441601
-4.3,4,852.47664
4.4,20,852.635428
-2.55,8,852.706601
3.85,27,853.377914
-1.4,16,853.50408
-3.1,13,853.618535
-2.3,6,853.665964
-1.95,11,853.760145
-0.1,13,853.855305
6.2,53,854.239633
-2.3,5,854.282404
-4.4,5,854.32263
4.2,33,854.55786
1.55,8,854.628066
-4.3,4,854.662434
13.5,32,854.898523
-2.4,25,855.056182
-3.15,3,855.080141
-2.85,20,855.216575
-0.45,9,855.287368
2.85,14,855.401441
-1.25,15,855.497759
12.1,55,855.868963
0.9,12,855.950418
0.3,19,856.079095
6.2,24,856.242291
-2.45,7,856.312303
2.35,21,859.353241
-3.4,5,859.388998
-1.45,6,859.436684
-4.1,22,859.595939
-3.45,6,859.652677
3.0,43,860.763079
-1.7,9,860.847185
2.85,15,861.010181
-3.05,12,861.118616
6.55,20,861.282623
3.75,26,861.481119
-2.6,8,861.553101
11.85,36,861.869785
0.15,21,862.066711
30.25,122,863.014938
2.5,29,863.268651
2.35,11,863.35504
-1.85,21,863.542428
-3.35,5,863.579546
0.55,7,863.647117
-4.2,3,863.671016
-5.8,29,863.892419
9.25,26,864.10711
-3.2,4,864.152678
-4.2,3,864.17896
-2.4,5,864.221225
-6.0,21,867.334116
-1.55,7,867.393403
-1.6,9,867.472421
-3.15,3,867.494264
-4.6,7,867.538777
-2.6,7,867.584964
-4.1,2,867.602924
-4.4,5,868.139881
-2.95,11,868.225552
11.65,42,868.543478
-2.5,6,868.604752
-0.75,10,868.694692
0.45,20,868.840353
-2.35,5,868.887625
6.05,23,869.071681
5.45,29,869.313065
-2.3,4,869.342578
10.2,33,869.595563
-2.65,18,869.737996
-1.5,7,869.789956
-2.9,11,869.877618
-0.7,9,869.946415
0.45,19,870.096004
4.55,18,870.253026
5.4,60,870.699785
-3.6,8,870.75826
1.6,18,870.910794
0.9,26,871.102773
-0.45,7,871.15569
11.15,34,871.382234
-3.9,10,871.464482
-0.05,13,871.572907
-3.35,5,871.61324
-1.95,11,871.692724
-4.2,3,874.65641
4.6,18,874.791079
3.85,15,874.912865
-4.05,12,875.448739
-2.4,18,875.561905
-2.3,5,875.595016
-3.8,9,875.65132
-0.05,13,875.748486
1.2,10,875.821636
1.35,21,875.955777
-4.5,6,875.996377
-3.95,11,876.075697
-4.8,41,876.351638
-3.25,4,876.383478
-2.4,6,876.444087
0.15,30,876.673119
-1.45,7,876.724883
-2.5,7,876.772518
-2.25,4,876.800109
4.0,14,876.920953
4.6,17,877.054028
-4.6,7,877.120619
-4.6,7,877.188721
10.05,65,877.718456
-1.6,8,877.776718
-4.3,4,877.805073
-0.55,19,877.943189
3.0,33,878.171073
-2.25,4,878.201228
-4.4,5,878.246374
6.25,31,878.454517
14.4,66,881.944751
-1.05,12,882.039058
5.2,22,882.805431
1.4,10,882.884932
-2.3,4,882.912303
-3.35,5,882.952394
5.95,25,883.138069
-5.1,12,883.221138
1.65,16,883.336844
-4.5,6,883.384701
5.2,24,883.553412
-0.55,17,883.652667
8.95,27,883.859361
1.3,20,883.996734
-3.55,7,884.054252
-3.3,14,884.150393
-2.05,12,884.246496
-0.9,11,884.338813
-4.2,3,884.371156
-0.4,7,884.43272
-4.7,8,884.488627
-1.65,9,884.551678
-0.7,9,884.617783
2.0,12,884.697296
-1.25,5,884.743586
4.1,22,884.894297
-0.85,20,885.018618
-1.6,18,885.148527
8.7,27,885.338639
-1.8,9,885.404855
-4.0,32,885.643775
-0.35,6,885.697024
-2.25,5,885.736253
-4.3,4,885.769427
-3.35,5,885.806088
-1.35,16,885.932512
-3.5,27,886.140116
-5.5,16,886.263984
-1.3,14,889.444012
-2.65,8,890.25213
16.9,46,890.615717
-4.1,2,890.635389
-1.55,8,890.702564
12.35,44,891.005165
-2.7,19,891.141809
-0.35,16,891.266248
3.75,19,891.413752
-2.75,19,891.552265
2.45,19,891.684806
-2.8,10,891.752516
-2.5,56,892.126929
-6.5,26,892.294281
-2.7,9,892.372033
-2.15,24,892.568334
0.85,15,892.70256
-2.7,19,892.827136
9.4,41,893.106347
1.75,25,893.281891
-3.25,15,893.396458
-3.05,12,893.50333
-1.1,13,893.599945
0.5,8,893.652146
1.65,18,893.790453
-2.25,4,893.82231
-2.3,4,893.851203
-0.35,6,897.424831
-4.45,16,897.529275
-3.55,7,897.588769
1.2,11,897.663697
1.25,20,897.811732
0.7,36,898.05364
-4.45,16,898.176651
-3.2,3,898.202642
-3.9,10,898.274571
-1.85,12,898.355603
-0.65,9,898.421046
0.45,11,898.507596
7.5,33,898.733129
-4.1,2,898.750682
-1.8,20,898.874936
6.2,23,899.034429
8.1,49,899.397614
-1.65,8,899.452961
32.25,72,899.918092
-4.1,2,899.942651
-1.1,12,900.026467
-5.4,15,900.130508
-1.55,7,900.172709
-3.25,14,900.266986
-3.9,10,900.34845
4.2,21,900.491866
0.35,19,900.636649
-2.45,37,900.976643
1.2,20,904.750534
-3.9,10,904.823622
-1.5,21,904.997143
1.4,28,905.19463
-7.8,39,905.463797
2.95,23,905.64608
1.35,19,905.790841
-3.75,10,905.866465
-3.65,8,905.919957
5.3,23,906.069641
-0.1,13,906.171414
-1.65,9,906.230872
22.05,90,907.092529
-0.15,17,907.255336
1.8,15,907.383507
2.05,13,907.487562
-2.4,6,907.553679
-2.25,5,907.601247
0.55,7,907.667655
-1.45,9,907.750822
-0.1,13,907.869237
3.75,26,908.113252
9.1,33,908.383076
9.4,65,911.950927
21.65,74,915.783648
-4.2,13,915.875013
8.7,49,916.233123
9.6,31,916.476973
-5.2,13,916.558326
-1.5,8,916.613917
0.8,14,916.729974
-2.25,4,916.782062
-2.55,7,916.833267
2.05,12,916.926404
4.0,13,916.998509
6.35,22,917.147168
1.55,37,917.412814
-1.1,12,917.489493
-4.2,3,917.51052
5.05,24,917.646884
-2.4,6,917.688029
-1.15,13,917.766708
-4.1,2,917.787746
3.3,10,917.915628
-1.4,6,917.986613
-2.9,10,918.061515
-1.1,13,918.139013
3.35,19,918.250628
-3.8,9,918.334819
1.0,13,918.446541
-1.9,13,918.520081
5.55,30,919.265227
-4.5,6,919.316341
-2.2,4,919.356498
-2.7,30,923.472989
-3.4,5,923.525237
-2.55,7,923.594124
-0.4,6,923.656969
0.3,20,923.798718
-0.6,9,923.877316
-3.3,4,923.92337
5.1,38,924.39363
0.45,19,924.646315
-4.1,2,924.683264
0.1,15,924.856066
-4.7,18,925.083868
2.05,14,925.226653
-0.8,10,925.316475
-3.55,7,925.377375
-3.25,5,925.428783
3.3,30,925.693662
1.7,17,925.850387
-4.1,2,925.876132
-0.2,14,925.996892
-4.0,42,926.334868
4.05,13,926.476333
0.45,18,926.626199
-1.75,9,926.693614
1.25,19,926.958561
-3.0,11,927.077948
-3.4,5,927.131276
0.05,35,927.466991
-3.8,9,927.564095
-0.85,15,927.698891
-3.15,3,927.728133
-4.4,5,927.779409
6.2,32,928.077579
2.2,40,929.113355
-2.5,6,929.158997
2.35,21,933.173737
-3.25,4,933.219594
-2.0,22,933.406725
-1.45,6,933.464276
4.8,27,933.679949
0.4,18,933.856876
-3.45,6,933.935065
2.7,17,934.154077
-4.2,3,934.188724
-0.3,17,934.349587
1.3,22,934.544259
-4.4,5,934.59433
7.4,43,934.900928
-0.4,18,935.031662
-1.25,5,935.074297
-3.15,3,935.096408
7.65,20,935.237137
-3.6,17,935.349856
5.95,35,935.585558
-2.65,19,935.722796
-4.1,2,935.745067
-1.1,13,935.827995
-5.8,19,935.952899
2.55,18,936.069082
-1.85,20,936.202392
-4.1,2,936.220908
-1.25,14,936.319411
9.0,36,936.560312
-3.4,36,937.45571
5.25,22,937.62712
5.85,17,940.458114
0.45,38,940.703552
-4.15,13,940.795838
-1.95,11,940.864964
4.8,17,940.986699
-2.45,6,941.027674
-1.05,23,941.185411
0.2,10,941.262438
3.2,41,941.558219
-2.6,8,941.612881
11.95,67,942.078671
2.6,27,942.282899
-0.35,15,942.391855
-2.45,16,942.497006
-4.2,3,942.520736
-2.15,13,942.608335
3.0,13,942.69715
7.3,40,942.963455
-4.2,3,942.986941
2.7,18,943.121561
-4.1,2,943.140404
7.2,32,943.335243
-0.45,37,944.209149
-4.4,5,944.251232
-0.8,21,944.412202
-4.2,3,944.436205
28.15,93,947.524762
-4.9,20,947.644601
0.3,10,947.724457
-4.8,9,947.793252
-3.6,7,947.856947
-1.7,9,947.936881
-2.25,4,947.967998
-0.9,21,948.112772
-2.5,27,948.291158
-3.55,7,948.3535
19.5,62,948.747935
3.95,33,948.958479
-2.65,9,949.020459
0.4,9,949.07946
7.65,38,949.33949
-3.3,4,949.372069
-4.1,2,949.387783
-2.65,8,949.498899
5.0,24,949.651473
0.9,34,949.876695
7.0,26,950.436391
7.15,42,950.701329
-1.9,31,950.892188
-4.5,6,953.51441
-4.55,17,953.631936
-2.75,9,953.691231
0.1,23,953.818298
-0.05,14,953.913192
-1.3,5,953.950946
-2.6,7,953.999578
9.75,27,954.151253
-0.75,13,954.253184
-4.2,13,954.342269
-4.5,6,954.389469
-2.2,4,954.417752
5.3,22,954.592567
-4.3,4,954.630464
2.25,21,954.774771
-2.3,4,954.803129
1.55,17,954.925841
0.55,7,954.97562
-0.25,16,955.084718
-0.95,12,955.160941
0.35,20,955.312364
-2.7,9,955.387847
2.85,14,955.478485
-3.1,14,955.577133
-0.9,12,955.676338
-2.45,7,955.724163
6.0,27,955.902694
-2.3,5,955.934695
7.95,24,956.08697
-4.8,9,956.140386
2.7,38,957.055759
-0.9,11,957.129563
2.9,25,957.294564
10.4,33,957.496348
-4.8,19,960.25739
-3.2,3,960.280619
-0.55,20,960.41093
2.55,38,960.653293
-1.25,16,960.760629
-1.75,11,960.831365
1.5,19,960.984689
-3.25,4,961.037382
5.1,43,961.299789
0.45,9,961.362583
-1.9,11,961.443631
-2.6,7,961.48462
-2.25,4,961.511505
1.2,10,961.576745
8.55,39,961.854367
-2.05,12,961.937016
-3.15,3,961.966136
-0.55,8,962.02508
3.55,17,962.154666
-3.25,4,962.182408
0.95,35,962.415424
-3.2,3,962.437337
-3.3,4,962.468761
0.15,15,962.563666
12.5,53,962.90611
-1.75,9,962.9647
-4.1,2,962.981242
5.05,43,963.910842
-3.8,9,963.97964
-5.5,16,964.092806
-2.5,7,964.144351
-1.5,8,964.20004
5.3,30,966.948127
-2.4,6,966.986856
-3.4,5,967.017485
6.2,33,967.221179
-4.5,6,967.26753
-1.35,5,967.306423
-2.05,22,967.446991
3.0,13,967.540942
2.15,12,967.625162
1.25,40,967.913506
9.6,18,968.038569
9.3,22,968.17861
2.7,15,968.278053
0.3,19,968.395651
-4.75,19,968.530961
0.05,13,968.636219
-2.35,6,968.691319
-1.75,9,968.746949
-4.9,10,968.815206
5.65,19,968.945677
0.15,22,969.07861
4.9,18,969.197266
-3.6,7,969.239253
2.65,17,969.364329
2.1,13,969.439281
-4.1,2,969.456378
0.1,25,970.032617
-1.45,7,970.082616
14.4,52,970.407043
-4.15,13,970.500065
-3.15,3,970.526825
-1.65,18,970.64372
-2.4,5,970.68191
-1.0,22,973.598289
-3.2,3,973.627358
0.45,17,973.833377
-4.3,4,973.909179
-2.55,7,974.006626
7.5,28,974.274298
-4.3,4,974.310837
-1.95,11,974.427914
1.8,15,974.559213
-0.4,6,974.632184
-4.5,6,974.67995
4.7,18,974.804225
16.7,38,975.068908
-4.4,5,975.107243
0.25,11,975.176865
-2.2,4,975.203925
13.9,37,975.437552
17.85,52,975.80176
2.25,21,975.942014
-1.5,7,975.986292
18.75,42,976.240562
2.35,9,976.309707
-2.45,16,976.427944
6.45,29,977.278657
-3.75,9,977.343991
-4.4,5,977.395576
3.85,24,977.551242
12.55,33,977.7812
8.9,27,977.953491
-4.2,3,977.981492
3.15,22,980.666691
3.95,27,980.911629
-0.4,6,980.959646
-3.85,10,981.031322
-1.15,14,981.128129
1.7,17,981.251877
6.6,19,981.367943
-0.75,9,981.438608
0.35,10,981.504538
0.2,22,981.632758
-0.3,15,981.731053
-3.35,6,981.775054
-1.0,14,981.867764
-1.95,11,981.943842
-5.3,14,982.032799
-3.15,25,982.195469
5.15,34,982.405414
2.7,15,982.498382
1.9,13,982.575665
-4.4,5,982.611449
2.65,17,982.738061
-1.35,5,982.782441
-0.65,9,982.842635
20.5,54,983.788231
3.3,29,984.008545
-2.4,25,984.197545
0.9,15,984.295796
-4.5,6,984.333752
2.55,19,984.467861
6.95,26,984.639682
-4.1,2,984.656074
1.7,15,987.373194
21.25,66,987.802116
-5.1,12,987.875143
2.35,10,987.946337
-2.35,15,988.03866
12.15,25,988.207967
-4.5,6,988.262307
1.65,18,988.389762
-3.55,7,988.445652
0.9,13,988.536237
-2.75,9,988.602932
2.0,13,988.706233
-3.35,5,988.740547
-1.55,18,988.867374
-3.15,26,989.047771
-3.45,6,989.086773
4.2,42,989.391761
0.15,10,989.479761
1.35,10,989.560515
4.6,27,989.761231
-3.5,6,989.799237
19.65,45,990.57265
8.6,68,991.01397
3.05,22,991.174961
-1.95,12,991.264472
-3.4,18,991.390933
-3.25,4,994.131233
19.05,57,994.479455
0.65,27,994.694231
-3.7,18,994.808493
2.25,31,994.992648
3.25,24,995.156709
-3.75,9,995.215246
-5.2,13,995.296126
-1.55,8,995.351773
-5.2,23,995.499285
14.55,53,995.859072
1.2,11,995.94627
8.85,37,996.213082
1.15,13,996.315749
13.0,45,997.286473
10.7,29,997.496713
6.9,15,997.60936
-3.35,5,997.641569
-3.8,9,997.701224
-1.75,9,997.767883
-3.15,3,997.791509
-3.4,5,997.841533
-4.9,10,997.898802
11.0,27,998.072316
-0.95,11,998.14816
-0.2,14,998.254509
-2.5,7,1001.126675
11.05,34,1001.350676
-0.75,10,1001.417272
-2.4,6,1001.464571
-1.7,8,1001.520514
-1.15,33,1001.722506
3.15,12,1001.801866
5.45,19,1001.927634
2.6,27,1002.108045
0.2,21,1002.246235
-2.35,5,1002.280734
-0.1,13,1002.376842
-0.2,24,1002.535387
-4.5,6,1002.586982
-1.75,9,1002.656933
-4.6,7,1002.714768
0.5,9,1002.803963
-1.75,9,1002.875851
-4.2,3,1002.901853
-2.3,14,1003.01317
10.15,24,1003.215836
6.75,26,1003.427961
5.25,21,1004.166921
17.8,49,1004.527081
-1.35,16,1004.632659
-0.15,15,1004.742162
10.3,33,1004.984426
-0.95,11,1005.064473
4.15,21,1005.205041
5.1,34,1008.333743
0.15,13,1008.4302
-3.35,5,1008.46439
0.9,13,1008.556224
-4.2,3,1008.580574
-0.45,9,1008.643884
4.7,39,1008.947365
0.2,11,1009.029168
-2.25,4,1009.059983
-0.85,11,1009.146465
-5.3,14,1009.268713
0.9,14,1009.405162
-2.9,12,1009.497772
-2.4,26,1009.672952
0.95,13,1009.763994
5.25,34,1009.998408
0.3,19,1010.123544
-3.8,20,1010.250516
11.15,34,1010.486063
9.4,22,1011.115154
6.25,22,1011.257208
2.95,14,1011.347262
0.1,13,1011.466642
-0.85,11,1011.563068
3.45,20,1011.721948
-4.1,2,1011.737867
-2.85,10,1011.81944
4.75,16,1011.926939
6.6,28,1012.095977
2.25,11,1012.179879
-3.2,3,1012.210111
4.75,18,1012.349597
1.65,27,1015.460269
-4.2,3,1015.481781
-2.25,4,1015.517495
14.15,38,1015.785293
3.1,12,1015.873838
-4.1,2,1015.90109
1.15,12,1015.997805
5.4,28,1016.205087
0.75,15,1016.29961
-3.15,3,1016.320712
-1.3,16,1016.431844
21.3,47,1016.759382
-0.95,12,1016.862232
-2.45,16,1016.967762
-3.2,3,1016.988921
-3.15,3,1017.013098
13.95,46,1017.327372
-4.2,13,1017.410962
-1.45,16,1017.524634
-0.3,27,1018.499701
-2.7,9,1018.561546
-3.6,7,1018.611149
5.3,33,1018.830423
-3.5,6,1018.8778
2.25,32,1019.100898
-2.2,4,1019.135106
2.15,21,1019.271745
-1.95,11,1019.34397
-4.7,8,1019.395725
-3.55,7,1019.446829
-0.7,19,1019.58631
-3.15,3,1019.609412
3.25,19,1019.745766
-2.35,5,1019.776771
-3.3,4,1022.681906
9.05,25,1022.850039
0.55,7,1022.902169
3.35,29,1023.111679
0.4,49,1023.434886
-2.55,7,1023.484833
-3.85,11,1023.563932
-3.2,4,1023.600808
-2.8,40,1023.87848
-3.4,5,1023.916002
-1.4,6,1023.95811
-3.1,12,1024.046663
-4.5,6,1024.095309
-3.25,25,1024.263003
-1.55,7,1024.315138
-0.3,15,1024.430302
7.1,33,1024.68502
-1.0,13,1025.503287
0.75,19,1025.627768
-5.7,18,1025.769122
-3.0,12,1025.856294
-2.3,17,1025.970355
2.35,20,1026.100514
-1.25,14,1026.202562
4.45,19,1026.327331
12.55,52,1026.680452
-4.6,17,1026.839209
-3.4,5,1026.881289
-2.65,8,1026.94488
-6.0,21,1029.896047
-3.55,7,1029.941146
0.25,21,1030.087181
-4.1,2,1030.108018
-4.6,7,1030.152969
20.4,78,1030.654213
2.0,36,1030.892627
6.4,30,1031.106264
-3.8,9,1031.177128
0.2,20,1031.334238
5.1,83,1033.082269
-1.45,16,1033.195731
-4.7,8,1033.244831
1.15,31,1033.47883
7.0,25,1033.665959
2.9,45,1033.993455
-0.35,6,1034.04178
-8.4,45,1034.332826
1.4,21,1034.488702
-0.85,11,1034.566468
-1.05,14,1038.936405
1.65,18,1039.173709
5.1,24,1039.362037
-3.25,4,1039.390975
-5.1,32,1039.603917
0.05,75,1040.169667
-4.5,6,1040.217049
11.0,25,1040.38632
-1.6,10,1040.451576
-0.85,10,1040.516892
7.6,28,1040.705218
-3.6,17,1040.814051
-4.45,36,1041.510042
-2.35,16,1041.61586
14.6,39,1041.879219
7.05,36,1042.132401
-2.45,6,1042.188882
-3.55,7,1042.249029
-4.9,10,1042.332857
-4.7,19,1042.467884
0.5,18,1042.586974
8.15,23,1042.74792
4.3,20,1042.887975
-1.9,11,1042.981026
12.55,42,1046.130552
-2.9,14,1046.23717
4.45,18,1046.359147
3.4,10,1046.439854
-0.3,15,1046.541697
13.0,28,1046.756295
3.9,56,1047.147886
-4.6,7,1047.197887
-4.3,4,1047.227147
1.45,8,1047.295059
-1.15,13,1047.383281
-3.15,24,1047.548293
-2.35,6,1047.588241
8.1,25,1047.762603
2.0,55,1048.736326
-6.0,31,1048.963838
6.65,16,1049.0785
4.5,18,1049.183415
-5.0,31,1049.411886
10.95,25,1049.57832
-1.95,22,1049.737544
4.55,17,1049.847345
-4.1,2,1049.864461
0.45,7,1049.926344
30.7,95,1053.404747
-3.2,3,1053.438653
-3.35,25,1053.60956
-3.55,7,1053.680308
-4.4,15,1053.787676
-4.2,3,1053.808886
-2.6,8,1053.861369
2.6,18,1053.980118
-2.2,4,1054.009329
0.95,23,1054.157151
-1.7,9,1054.227156
3.15,32,1054.449067
1.65,16,1054.579401
-2.65,8,1054.646276
-1.5,7,1054.698564
-1.75,10,1055.394888
-1.55,27,1055.581893
3.45,31,1055.833589
-1.5,7,1055.899614
-2.85,10,1055.967278
9.85,26,1056.169598
2.3,12,1056.264683
-4.2,13,1056.381335
-1.5,17,1056.511621
-1.3,5,1056.547003
2.0,12,1056.630241
-4.5,6,1056.678475
-4.7,8,1056.747111
0.45,17,1056.864976
-1.4,16,1057.006418
-3.35,5,1057.045699
-0.1,33,1057.293675
-2.7,8,1057.344766
